Date,MSFT.Adjusted,GOOG.Adjusted,AAPL.Adjusted,BAC.Adjusted,GS.Adjusted
1/3/2006,23.05,435.23,73.18,39,119.36
1/4/2006,23.16,445.24,73.39,38.59,117.72
1/5/2006,23.18,451.24,72.82,38.64,117.67
1/6/2006,23.11,465.66,74.7,38.58,119.34
1/9/2006,23.07,466.9,74.45,38.6,120.77
1/10/2006,23.19,469.76,79.16,38.28,122.29
1/11/2006,23.43,471.63,82.14,38.19,122.24
1/12/2006,23.31,463.63,82.52,37.94,122.5
1/13/2006,23.35,466.25,83.79,37.94,123.43
1/17/2006,23.18,467.11,82.93,37.54,122.81
1/18/2006,23.04,444.91,80.76,37.49,122.61
1/19/2006,23.2,436.45,77.38,37.39,123.95
1/20/2006,22.68,399.46,74.49,36.61,121.97
1/23/2006,22.63,427.5,76.04,36.42,123.3
1/24/2006,22.57,443.03,74.44,36.65,123.42
1/25/2006,22.67,433,72.64,36.97,123.94
1/26/2006,22.76,434.27,70.81,37.2,127.5
1/27/2006,23.86,433.49,70.52,37.11,128.93
1/30/2006,24.04,426.82,73.42,36.85,129.8
1/31/2006,24.17,432.66,73.92,36.64,131.08
2/1/2006,24.08,401.78,73.83,36.41,131.5
2/2/2006,23.77,396.04,70.58,35.99,132.25
2/3/2006,23.65,381.55,70.34,35.7,132.46
2/6/2006,23.33,385.1,65.88,35.93,132.53
2/7/2006,23.13,367.92,66.18,36.03,129.43
2/8/2006,23.11,369.08,67.36,36.18,130.97
2/9/2006,22.89,358.77,63.58,36.31,130.71
2/10/2006,22.92,362.61,65.89,36.38,130.67
2/13/2006,22.66,345.7,63.35,36.2,129.59
2/14/2006,22.89,343.32,66.22,36.58,131.57
2/15/2006,23.16,342.38,67.76,36.75,134.69
2/16/2006,23.1,366.46,69.09,37.02,135.39
2/17/2006,23.01,368.75,68.81,37,135.06
2/21/2006,22.87,366.59,67.63,36.91,133.12
2/22/2006,23.02,365.49,69.82,37.34,135.05
2/23/2006,22.97,378.07,70.24,37.59,133.59
2/24/2006,22.95,377.4,69.96,37.88,133.78
2/27/2006,23.31,390.38,69.5,38.09,133.46
2/28/2006,23.15,362.62,67.05,37.98,131.11
3/1/2006,23.39,364.8,67.65,38.19,132.84
3/2/2006,23.24,376.45,68.15,37.82,133.63
3/3/2006,23.2,378.18,66.3,37.85,135.48
3/6/2006,23.19,368.1,64.1,37.87,134.57
3/7/2006,23.32,364.45,64.92,38.21,133.89
3/8/2006,23.48,353.88,64.28,38.28,132.23
3/9/2006,23.26,343,62.59,38.15,131.49
3/10/2006,23.41,337.5,61.86,38.49,131.34
3/13/2006,23.36,337.06,64.3,38.48,130.58
3/14/2006,23.46,351.16,65.9,38.74,138.66
3/15/2006,23.57,344.5,64.84,38.86,138.27
3/16/2006,23.5,338.77,62.96,39.16,137.05
3/17/2006,23.7,339.79,63.3,39.28,139.53
3/20/2006,24.03,348.19,62.64,39.28,141.22
3/21/2006,23.9,339.92,60.51,39,138.64
3/22/2006,23.39,340.22,60.37,39.36,140.89
3/23/2006,23.14,341.89,58.9,39.11,140.75
3/24/2006,23.27,365.8,58.7,39.28,141.21
3/27/2006,23.27,369.69,58.26,39.21,143.84
3/28/2006,23.18,377.2,57.48,38.58,143.06
3/29/2006,23.28,394.98,61.02,38.5,145.6
3/30/2006,23.46,388.44,61.43,38.2,145.52
3/31/2006,23.45,390,61.4,38.14,145.65
4/3/2006,23.75,389.7,61.33,38.26,146.73
4/4/2006,23.82,404.34,59.88,38.77,149.4
4/5/2006,23.9,407.99,65.8,38.99,149.17
4/6/2006,23.75,411.18,69.74,38.69,150.37
4/7/2006,23.48,406.16,68.32,38.31,149.42
4/10/2006,23.51,416.38,67.23,38.26,150.76
4/11/2006,23.38,409.66,66.56,38.16,147.69
4/12/2006,23.44,408.95,65.31,38.29,148.03
4/13/2006,23.32,402.16,65.07,38.3,147.95
4/17/2006,23.13,406.82,63.45,38.09,150.28
4/18/2006,23.45,404.24,64.83,38.49,153.63
4/19/2006,23.29,410.5,64.27,38.57,155.02
4/20/2006,23.29,415,66.21,38.76,156.41
4/21/2006,23.39,437.1,65.63,39.26,154.26
4/24/2006,23.36,440.5,64.37,39.42,153.76
4/25/2006,23.36,427.16,64.78,39.44,151.39
4/26/2006,23.35,425.97,66.72,39.96,151.95
4/27/2006,23.48,420.03,67.9,41.07,152.48
4/28/2006,20.81,417.94,68.91,41.81,149.05
5/1/2006,20.93,398.9,68.14,41.19,145.48
5/2/2006,20.69,394.8,70.11,41.43,147.7
5/3/2006,19.96,394.17,69.64,41.29,147.99
5/4/2006,20.2,394.75,69.63,41.83,146.96
5/5/2006,20.51,394.3,70.38,42.27,152.87
5/8/2006,20.45,394.78,70.38,41.97,152.07
5/9/2006,20.35,408.8,69.54,42.04,154.13
5/10/2006,20.48,402.98,69.12,42.02,152.59
5/11/2006,20.01,387,66.72,41.62,148.12
5/12/2006,19.96,374.13,66.28,41.21,145.17
5/15/2006,20.02,376.2,66.36,41.5,142.41
5/16/2006,19.9,371.3,63.61,41.58,142
5/17/2006,19.66,374.5,63.89,40.67,137.82
5/18/2006,19.75,370.99,61.85,40.3,136.72
5/19/2006,19.51,370.02,63.15,40.43,138.94
5/22/2006,19.79,370.95,62.05,40.42,135.91
5/23/2006,19.71,375.58,61.82,40.39,133.63
5/24/2006,20.33,381.25,62.01,40.6,133.83
5/25/2006,20.54,382.99,62.98,40.96,136.99
5/26/2006,20.52,381.35,62.21,41.36,142.22
5/30/2006,20.02,371.94,59.93,40.79,139.33
5/31/2006,19.59,371.82,58.51,40.96,140.37
6/1/2006,19.74,382.62,60.86,41.21,142.79
6/2/2006,19.69,379.44,60.36,41.69,143.29
6/5/2006,19.46,374.44,58.74,41.25,139.86
6/6/2006,19.14,389.99,58.46,41.07,138.78
6/7/2006,19.06,386.51,57.33,41.34,139.44
6/8/2006,19.13,393.3,59.48,41.49,139.26
6/9/2006,18.96,386.57,57.99,41.29,139.38
6/12/2006,18.78,381.54,55.8,40.97,134.84
6/13/2006,18.61,386.52,57.1,39.83,129.49
6/14/2006,18.93,384.39,56.4,39.47,128.79
6/15/2006,19.09,391,58.13,40.54,134.02
6/16/2006,19.12,390.7,56.35,40.13,133.91
6/19/2006,19.51,388.14,56,39.89,133.67
6/20/2006,19.51,387.17,56.26,39.84,135.08
6/21/2006,19.96,402.13,56.64,40.04,139.33
6/22/2006,19.79,399.95,58.33,40.23,137.91
6/23/2006,19.46,404.86,57.59,40.12,137.55
6/26/2006,19.74,404.22,57.75,40.16,139.39
6/27/2006,19.77,402.32,56.22,40.03,136.84
6/28/2006,20.03,406.11,54.84,40.32,136.22
6/29/2006,20.3,417.81,57.73,41.13,141.53
6/30/2006,20.15,419.33,56.07,40.7,139.89
7/3/2006,20.5,423.2,56.73,41.3,141.76
7/5/2006,20.2,421.46,55.8,41.36,140.37
7/6/2006,20.31,423.19,54.6,41.52,140.03
7/7/2006,20.15,420.45,54.24,41.3,138.1
7/10/2006,20.33,418.2,53.84,41.58,138.42
7/11/2006,19.98,424.56,54.48,41.59,138.25
7/12/2006,19.58,417.25,51.85,41.1,135.09
7/13/2006,19.26,408.83,51.15,40.6,132.56
7/14/2006,19.28,403.5,49.6,40.88,130.28
7/17/2006,19.45,407.89,51.27,40.81,131
7/18/2006,19.67,403.05,51.79,40.99,132.36
7/19/2006,20.24,399,52.96,42.27,136.67
7/20/2006,19.77,387.12,59.23,42.02,135
7/21/2006,20.65,390.11,59.44,42.43,132.4
7/24/2006,20.76,390.9,60.13,42.79,136.93
7/25/2006,20.95,389.36,60.63,43,138.42
7/26/2006,21.08,385.5,62.53,43.15,137.38
7/27/2006,20.65,382.4,62.07,43.17,138.2
7/28/2006,20.98,388.12,64.21,43.72,141.43
7/31/2006,20.81,386.6,66.53,43.61,142.39
8/1/2006,20.75,375.51,65.77,43.61,141
8/2/2006,21.02,367.23,66.73,43.97,139.73
8/3/2006,20.94,375.39,68.13,43.98,141.78
8/4/2006,21.01,373.85,66.86,44.27,142.61
8/7/2006,20.95,377.95,65.8,44.14,142.29
8/8/2006,21.05,381,63.42,44.05,141.17
8/9/2006,21.14,376.94,62.25,43.61,139.83
8/10/2006,21.16,374.2,62.72,43.6,141.34
8/11/2006,21.13,368.5,62.31,43.5,140.86
8/14/2006,21.22,369.43,62.6,43.27,140.17
8/15/2006,21.37,380.97,65.05,44.13,142.29
8/16/2006,21.44,387.72,66.55,44.26,144.47
8/17/2006,21.44,385.8,66.17,44.12,143.97
8/18/2006,22.39,383.36,66.48,44.42,144.19
8/21/2006,22.68,377.3,65.16,44.39,143.39
8/22/2006,22.24,378.29,66.2,44.43,143.69
8/23/2006,22.29,373.43,65.89,44.42,142.34
8/24/2006,22.35,373.73,66.38,44.44,141.13
8/25/2006,22.44,373.26,67.3,44.11,139.89
8/28/2006,22.53,380.95,65.57,44.16,139.38
8/29/2006,22.43,378.95,65.08,44.25,137.11
8/30/2006,22.4,380.75,65.55,44.22,137.08
8/31/2006,22.31,378.53,66.42,44.03,138.56
9/1/2006,22.43,378.6,66.94,44.19,139.02
9/5/2006,22.23,384.36,69.98,44.27,141.02
9/6/2006,22.23,380.14,68.56,44.18,140.45
9/7/2006,22.08,378.49,71.27,44.06,138.49
9/8/2006,22.23,377.85,71,44.19,139.64
9/11/2006,22.49,384.09,70.98,43.78,140.76
9/12/2006,22.51,391.9,71.1,44.22,147.55
9/13/2006,22.56,406.57,72.64,44.39,149.95
9/14/2006,22.86,403.98,72.61,44.42,151.49
9/15/2006,23.31,409.88,72.54,44.01,151.67
9/18/2006,23.26,414.69,72.34,44.29,152.15
9/19/2006,23.32,403.81,72.22,44.51,152.3
9/20/2006,23.6,397,73.68,44.9,155.3
9/21/2006,23.35,406.85,73.08,44.69,155.81
9/22/2006,23.15,403.78,71.47,44.85,156.15
9/25/2006,23.4,403.98,74.16,45.31,157.24
9/26/2006,23.61,406.87,75.98,45.75,157.24
9/27/2006,23.82,402.92,74.8,45.54,157.53
9/28/2006,23.79,403.58,75.39,45.78,158.47
9/29/2006,23.75,401.9,75.36,45.82,157.69
10/2/2006,23.75,401.44,73.29,45.87,159.11
10/3/2006,23.76,404.04,72.52,46.54,162.38
10/4/2006,24.26,415.7,73.8,46.89,164.58
10/5/2006,24.24,411.81,73.26,46.64,163.59
10/6/2006,24.2,420.5,72.66,46.4,163.73
10/9/2006,24.07,429,73.06,46.63,165.41
10/10/2006,24.04,426.65,72.26,46.73,166.72
10/11/2006,23.91,426.5,71.69,46.23,166.83
10/12/2006,24.5,427.44,73.68,46.41,169.19
10/13/2006,24.63,427.3,73.44,46.52,171.38
10/16/2006,24.7,421.75,73.81,45.94,172.65
10/17/2006,24.69,420.64,72.73,45.92,170.65
10/18/2006,24.76,419.31,72.96,46.03,170.56
10/19/2006,24.56,426.06,77.33,45.56,168.16
10/20/2006,24.68,459.67,78.27,45.87,168.48
10/23/2006,24.7,480.78,79.75,45.9,172.5
10/24/2006,24.55,473.31,79.35,45.7,175.43
10/25/2006,24.58,486.6,79.96,46.19,176.15
10/26/2006,24.61,485.1,80.46,46.35,180.61
10/27/2006,24.6,475.2,78.72,45.93,176.21
10/30/2006,24.77,476.57,78.73,46.12,177.21
10/31/2006,24.93,476.39,79.38,46.08,177.25
11/1/2006,25.01,467.5,77.5,45.83,172.78
11/2/2006,24.98,469.91,77.32,45.81,175.01
11/3/2006,24.94,471.8,76.64,45.7,174.77
11/6/2006,25.04,476.95,78.03,46.37,177.45
11/7/2006,25.13,472.57,78.82,46.55,176.22
11/8/2006,25.16,475,80.72,46.71,176.3
11/9/2006,25.4,472.63,81.59,46.63,172.57
11/10/2006,25.39,473.55,81.37,46.85,174.7
11/13/2006,25.48,481.03,82.58,46.58,175.33
11/14/2006,25.46,489.3,83.21,46.9,177.78
11/15/2006,25.37,491.93,82.28,46.6,180.35
11/16/2006,25.67,495.9,83.81,46.96,183.72
11/17/2006,25.61,498.79,84.04,46.92,182.16
11/20/2006,26.04,495.05,84.65,46.96,184.41
11/21/2006,26.07,509.65,86.74,46.81,186.56
11/22/2006,26.07,508.01,88.41,46.73,188.93
11/24/2006,25.93,505,89.7,46.67,188.28
11/27/2006,25.68,484.75,87.66,46.12,180.35
11/28/2006,25.6,489.5,89.88,46.42,184.1
11/29/2006,25.76,484.65,89.87,46.69,183.26
11/30/2006,25.58,484.81,89.73,46.54,181.93
12/1/2006,25.37,480.8,89.4,46.24,181.65
12/4/2006,25.55,484.85,89.2,45.51,186.83
12/5/2006,25.38,487,89.35,45.63,188.29
12/6/2006,25.25,488.71,87.94,45.54,191.46
12/7/2006,25.13,482.64,85.21,45.37,186.97
12/8/2006,25.61,484.11,86.4,44.65,191.55
12/11/2006,25.73,483.93,86.88,45.42,189.14
12/12/2006,25.64,481.78,84.33,45.64,186.79
12/13/2006,25.74,478.99,87.18,45.89,185.21
12/14/2006,26.2,482.12,86.69,45.96,186.91
12/15/2006,26.3,480.3,85.88,46.09,186.64
12/18/2006,26.04,462.8,83.67,46.35,189.81
12/19/2006,26.13,468.63,84.5,46.31,187.95
12/20/2006,26.21,462.9,82.98,46.38,188.07
12/21/2006,26.12,456.2,81.16,46.25,185.01
12/22/2006,25.82,455.58,80.47,46.11,185
12/26/2006,26.13,457.53,79.8,46.41,186.66
12/27/2006,26.15,468.03,79.81,46.47,188.61
12/28/2006,26.12,462.56,79.17,46.37,187.53
12/29/2006,26.01,460.48,83.06,46.15,186.18
1/3/2007,26.01,467.59,82.04,46.09,187.46
1/4/2007,25.97,483.26,83.86,46.39,185.71
1/5/2007,25.82,487.19,83.26,46.02,185.9
1/8/2007,26.07,483.58,83.67,46.2,190.27
1/9/2007,26.1,485.5,90.62,46.24,190.6
1/10/2007,25.84,489.46,94.96,46.31,194.36
1/11/2007,26.74,499.72,93.79,46.03,197.88
1/12/2007,27.19,505,92.63,46.14,199.85
1/16/2007,27.15,504.28,95.06,46.19,199.48
1/17/2007,27.09,497.28,92.95,46.09,199.14
1/18/2007,27.01,487.83,87.2,46.06,195.83
1/19/2007,27.1,489.75,86.64,46.32,196.73
1/22/2007,26.76,480.84,84.97,46.37,199.23
1/23/2007,26.78,479.05,83.9,46.09,198.92
1/24/2007,27.08,499.07,84.88,45.98,205.9
1/25/2007,26.53,488.09,84.44,45.29,199.33
1/26/2007,26.66,495.84,83.58,44.98,199.73
1/29/2007,26.6,492.47,84.13,44.48,197.43
1/30/2007,26.55,494.32,83.75,45.05,195.31
1/31/2007,26.88,501.5,83.93,45.45,198.48
2/1/2007,26.62,481.75,82.96,45.67,198.33
2/2/2007,26.3,481.5,82.97,45.58,199.66
2/5/2007,25.8,467.16,82.18,45.7,198.84
2/6/2007,25.71,471.48,82.38,45.99,200.81
2/7/2007,25.59,470.01,84.34,46.12,199.78
2/8/2007,25.49,471.03,84.37,46.09,200.1
2/9/2007,25.25,461.89,81.52,45.8,199.52
2/12/2007,25.21,458.29,83.1,45.84,197.51
2/13/2007,25.36,459.1,82.92,46.44,198.82
2/14/2007,25.7,465.93,83.51,46.72,203.38
2/15/2007,25.75,461.47,83.42,46.54,202.84
2/16/2007,25.12,469.94,83.05,46.72,202.93
2/20/2007,25.2,472.1,84.09,46.72,206.69
2/21/2007,25.66,475.86,87.32,46.6,205.95
2/22/2007,25.69,475.85,87.63,46.41,204.85
2/23/2007,25.26,470.62,87.2,45.69,202.54
2/26/2007,25.41,464.93,86.65,45.63,200.2
2/27/2007,24.36,448.77,82.17,43.91,183.36
2/28/2007,24.63,449.45,82.83,44.42,188.74
3/1/2007,24.56,448.23,85.23,44.03,186.78
3/2/2007,24.27,438.68,83.61,43.71,183.05
3/5/2007,24.08,440.95,84.51,43.38,177.75
3/6/2007,24.33,457.55,86.34,44.52,184.64
3/7/2007,24.14,455.64,85.88,44.21,182.97
3/8/2007,23.88,454.72,86.15,44.37,187.04
3/9/2007,23.86,452.96,86.12,44.53,188.69
3/12/2007,23.99,454.75,87.98,44.65,189.53
3/13/2007,23.36,443.03,86.54,43.23,186.19
3/14/2007,23.95,448,88.11,43.5,187.24
3/15/2007,23.85,446.19,87.69,43.78,187.93
3/16/2007,23.89,440.85,87.71,43.37,186.16
3/19/2007,24.33,447.23,89.21,44.02,189.38
3/20/2007,24.34,445.28,89.56,44.36,190.84
3/21/2007,24.93,456.55,91.9,45.32,197.34
3/22/2007,24.71,462.04,91.98,45.13,196.53
3/23/2007,24.49,461.83,91.55,45.17,198.22
3/26/2007,24.67,465,93.83,45.06,198.07
3/27/2007,24.23,463.62,93.45,45.31,196.33
3/28/2007,24.16,461.88,91.28,44.37,193.42
3/29/2007,24.26,460.92,91.78,44.74,193.84
3/30/2007,24.36,458.16,90.96,44.59,193.3
4/2/2007,24.25,458.53,91.68,44.07,192.39
4/3/2007,24.36,472.6,92.51,44.45,196.22
4/4/2007,24.91,471.02,92.29,44.48,195.32
4/5/2007,24.96,471.51,92.69,44.44,194.52
4/9/2007,24.98,468.21,91.68,44.45,195.46
4/10/2007,24.83,466.5,92.27,44.63,195.57
4/11/2007,24.57,464.53,90.64,44.14,193.58
4/12/2007,24.95,467.39,90.25,43.94,193.7
4/13/2007,25.01,466.29,88.34,44.06,193.18
4/16/2007,25.12,474.27,89.51,44.77,200.68
4/17/2007,25.22,472.8,88.45,44.83,201.04
4/18/2007,25,476.01,88.5,45.29,202.77
4/19/2007,25.08,471.65,88.37,44.49,205.15
4/20/2007,25.37,482.48,89.06,44.61,206.14
4/23/2007,25.16,479.08,91.54,44.14,208.41
4/24/2007,25.17,477.53,91.28,44.24,206.81
4/25/2007,25.34,477.99,93.35,44.77,211.39
4/26/2007,25.44,481.18,96.76,44.33,210.65
4/27/2007,26.33,479.01,97.82,44.37,210.15
4/30/2007,26.17,471.38,97.7,44.48,204.84
5/1/2007,26.58,469,97.38,44.51,204.81
5/2/2007,26.76,465.78,98.28,44.58,205.66
5/3/2007,27.07,473.23,98.29,44.77,207.6
5/4/2007,26.71,471.12,98.69,44.78,213.02
5/7/2007,26.85,467.27,101.74,44.94,212.9
5/8/2007,26.88,466.81,102.85,44.92,210.78
5/9/2007,26.91,469.25,104.63,44.96,212.3
5/10/2007,26.73,461.47,105.08,44.2,209.04
5/11/2007,27,466.74,106.45,44.53,213.17
5/14/2007,27.07,461.78,107.06,44.38,211.93
5/15/2007,27.1,458,105.26,44.52,210.24
5/16/2007,27.25,472.61,105.08,44.68,212.8
5/17/2007,27.17,470.96,107.14,44.68,213.05
5/18/2007,27.04,470.32,107.71,44.82,215.83
5/21/2007,27.23,470.6,109.63,44.77,214.79
5/22/2007,26.92,475.86,111.15,45.01,216.17
5/23/2007,26.82,473.97,110.52,44.88,214.14
5/24/2007,26.46,474.33,108.36,44.62,211.46
5/25/2007,26.73,483.52,111.23,44.75,211.32
5/29/2007,27,487.11,111.95,44.74,214.05
5/30/2007,27.28,498.6,116.27,44.9,217.38
5/31/2007,26.92,497.91,118.64,44.81,216.28
6/1/2007,26.83,500.4,115.91,44.87,216.17
6/4/2007,26.94,507.07,118.78,44.93,215.24
6/5/2007,26.82,518.84,120.09,44.76,214.91
6/6/2007,26.56,518.25,121.04,44.47,213.03
6/7/2007,25.98,515.06,121.46,44,206.19
6/8/2007,26.35,515.49,121.87,44.41,210.88
6/11/2007,26.33,511.34,117.66,44.22,212.85
6/12/2007,26.18,504.77,117.85,43.88,213.49
6/13/2007,26.65,505.24,115.03,44.5,218.92
6/14/2007,26.77,502.84,116.25,44.25,211.53
6/15/2007,26.74,505.89,117.97,44.25,211.94
6/18/2007,26.76,515.2,122.46,44.1,212.67
6/19/2007,26.71,514.31,121.06,44.67,215.01
6/20/2007,26.32,509.97,118.99,44.16,211.66
6/21/2007,26.5,514.11,121.29,44.08,212.6
6/22/2007,25.86,524.98,120.41,43.25,208.39
6/25/2007,25.86,527.42,119.77,43.16,203.08
6/26/2007,25.89,530.26,117.13,43.12,200.68
6/27/2007,26.2,526.29,119.33,43.46,205.51
6/28/2007,26.16,525.01,118.03,43.38,205.16
6/29/2007,25.85,522.7,119.47,43.2,203.09
7/2/2007,26.08,530.38,118.71,43.58,205.37
7/3/2007,26.33,534.34,124.5,43.78,210.4
7/5/2007,26.3,541.63,129.96,43.62,207.38
7/6/2007,26.28,539.4,129.52,43.43,209.55
7/9/2007,26.2,542.56,127.59,43.13,209.23
7/10/2007,25.72,543.34,129.57,42.73,203.4
7/11/2007,25.86,544.47,129.61,42.86,203.07
7/12/2007,26.37,545.33,131.25,43.77,206.41
7/13/2007,26.15,552.16,134.83,43.74,208.18
7/16/2007,26.34,552.99,135.2,43.84,206.51
7/17/2007,26.99,555,135.99,44,205.58
7/18/2007,27.12,549.5,135.22,43.62,201.44
7/19/2007,27.63,548.59,137.06,43.54,198.35
7/20/2007,27.33,520.12,140.73,42.69,192.96
7/23/2007,27.35,512.51,140.68,42.55,192.12
7/24/2007,27.01,514,132.05,41.66,185.67
7/25/2007,26.93,509.76,134.37,42.35,190.36
7/26/2007,26.29,508,142.93,41.73,182.83
7/27/2007,25.78,511.89,140.83,41.89,180.84
7/30/2007,25.78,516.11,138.46,42.15,183.74
7/31/2007,25.42,510,128.99,41.9,176.79
8/1/2007,25.7,512.94,132.16,42.09,177.41
8/2/2007,25.89,511.01,133.62,42.22,175.96
8/3/2007,25.4,503,129.08,41.53,168.66
8/6/2007,25.91,510,132.41,42.55,176.27
8/7/2007,25.92,516.02,132.19,43.01,179.52
8/8/2007,26.31,525.78,131.19,43.92,181.45
8/9/2007,25.7,514.73,123.73,42.72,171.07
8/10/2007,25.18,515.75,122.37,42.93,169.43
8/13/2007,25.11,515.5,125.1,42.86,166.62
8/14/2007,24.88,508.6,121.42,42.29,159.34
8/15/2007,24.73,497.55,117.38,42.62,154.79
8/16/2007,24.48,491.52,114.59,44.05,159.43
8/17/2007,24.86,500.04,119.49,45.74,164.27
8/20/2007,24.87,497.92,119.65,45.37,162.17
8/21/2007,24.7,506.61,124.89,45.33,164.72
8/22/2007,24.84,512.75,129.72,45.64,166.98
8/23/2007,24.91,512.19,128.31,45.8,166.62
8/24/2007,25.36,515,132.46,45.83,168.71
8/27/2007,25.07,513.26,129.47,44.95,167.04
8/28/2007,24.58,506.4,124.15,43.88,160.47
8/29/2007,25.16,512.88,131.26,44.67,163.07
8/30/2007,25.04,511.4,133.39,44.37,160.87
8/31/2007,25.28,515.25,135.57,44.78,165.22
9/4/2007,25.36,525.15,141.13,45.13,169.71
9/5/2007,25.06,527.8,133.88,44.7,166.91
9/6/2007,25.44,523.52,132.17,44.55,168.19
9/7/2007,25.03,519.35,129,43.86,168
9/10/2007,25.06,514.48,133.84,43.81,172.35
9/11/2007,25.46,521.33,132.64,44.25,172.25
9/12/2007,25.46,522.65,133.97,44.2,171.34
9/13/2007,25.66,524.78,134.32,44.62,176.91
9/14/2007,25.56,528.75,135.89,44.7,178.9
9/17/2007,25.28,525.3,135.5,44.3,176.11
9/18/2007,25.46,535.27,137.96,45.82,188.21
9/19/2007,25.23,546.85,137.81,45.7,192.9
9/20/2007,25.01,552.83,137.36,45.45,191.05
9/21/2007,25.21,560.1,141.12,45.85,197.1
9/24/2007,25.59,568.02,145.16,45.27,197.53
9/25/2007,26.02,569,149.96,44.94,197.97
9/26/2007,25.96,568.16,149.56,45.11,201.45
9/27/2007,25.95,567.5,151.25,45.28,203.49
9/28/2007,25.93,567.27,150.24,44.98,203.45
10/1/2007,26.2,582.55,153.05,45.31,209.31
10/2/2007,26.14,584.39,155.12,46.28,214.04
10/3/2007,25.92,584.02,154.6,46.47,213.41
10/4/2007,26.15,579.03,152.95,46.89,212.09
10/5/2007,26.26,594.05,158.06,47.17,214.49
10/8/2007,26.26,609.62,164.38,46.92,213.04
10/9/2007,26.49,615.18,164.33,47.04,224.53
10/10/2007,26.61,625.39,163.28,46.8,221.47
10/11/2007,26.32,622,158.82,46.91,214.97
10/12/2007,26.55,637.39,163.73,46.59,219.24
10/15/2007,26.44,620.11,163.47,46.01,215.28
10/16/2007,26.68,616,166.01,44.92,211.04
10/17/2007,27.35,633.48,169.12,44.77,213.66
10/18/2007,27.42,639.62,169.85,43.71,213.88
10/19/2007,26.55,644.71,166.84,42.57,204.34
10/22/2007,26.85,650.75,170.69,42.75,208.56
10/23/2007,27.19,675.77,182.25,42.75,210.04
10/24/2007,27.5,675.82,182.02,42.49,211.32
10/25/2007,28.15,668.51,178.94,42.06,213.09
10/26/2007,30.83,674.6,180.82,42.98,221.8
10/29/2007,30.42,679.23,181.2,42.93,229.22
10/30/2007,31.3,694.77,183.07,42.94,225.94
10/31/2007,32.4,707,185.96,43.2,233.08
11/1/2007,32.62,703.21,183.5,40.9,225.83
11/2/2007,32.62,711.25,183.92,40.37,215.86
11/5/2007,32.33,725.65,182.27,39.77,205.32
11/6/2007,32.04,741.79,187.76,40.77,209.8
11/7/2007,31.26,732.94,182.38,38.75,201.36
11/8/2007,30.57,693.84,171.78,38.92,197.37
11/9/2007,29.69,663.97,161.89,39.35,198.68
11/12/2007,29.38,632.07,150.53,39.35,201.86
11/13/2007,30.43,660.55,166.39,41.4,219.09
11/14/2007,29.96,641.68,162.62,40.92,219.34
11/15/2007,29.81,629.65,160.85,39.44,213.43
11/16/2007,30.1,633.63,162.89,39.7,211.77
11/19/2007,29.99,625.85,160.5,38.32,207.34
11/20/2007,30.53,648.54,165.3,38.27,204.46
11/21/2007,30.22,660.52,164.92,37.71,196.96
11/23/2007,30.12,676.7,167.93,38.61,203.52
11/26/2007,29.11,666,168.91,37.48,195.03
11/27/2007,29.19,673.57,171.13,38.42,200.56
11/28/2007,29.76,692.26,176.43,40.13,213.9
11/29/2007,29.66,697,180.42,39.94,210.95
11/30/2007,29.67,693,178.39,41.28,213.07
12/3/2007,29.07,681.53,175.1,40.69,213.31
12/4/2007,28.94,684.16,176.03,40.01,202.34
12/5/2007,30.15,698.51,181.6,41.06,205.2
12/6/2007,30.51,715.26,185.96,41.72,209.19
12/7/2007,30.49,714.87,190.21,41.19,204.85
12/10/2007,30.69,718.42,190.13,42.34,210.79
12/11/2007,30.11,699.2,184.58,40.53,198.51
12/12/2007,30.44,699.35,186.85,39.43,199.86
12/13/2007,31.1,694.05,187.8,39.08,196
12/14/2007,31.18,689.96,186.39,38.27,198.06
12/17/2007,30.37,669.23,180.52,37.86,196.14
12/18/2007,30.68,673.35,179.13,37.67,189.45
12/19/2007,30.72,677.37,179.27,37.76,191.94
12/20/2007,31.36,689.69,183.27,37.59,190.54
12/21/2007,31.84,696.69,189.83,38.06,197.05
12/24/2007,32.3,700.73,194.62,38.38,201.49
12/26/2007,32.33,710.84,194.77,38.4,203.72
12/27/2007,31.76,700.74,194.39,37.64,199.26
12/28/2007,31.89,702.53,195.63,37.31,199.25
12/31/2007,31.43,691.48,193.92,37.46,202.18
1/2/2008,31.1,685.19,190.74,36.82,195.17
1/3/2008,31.23,685.33,190.83,36.59,192.58
1/4/2008,30.36,657,176.26,36.18,187.96
1/7/2008,30.56,649.25,173.91,36.22,183.07
1/8/2008,29.54,631.68,167.65,34.87,178.16
1/9/2008,30.41,653.2,175.63,35.17,180.27
1/10/2008,30.31,646.73,174.28,35.68,185.12
1/11/2008,29.94,638.25,169.06,34.95,186.84
1/14/2008,30.37,653.82,175.02,35.6,189.58
1/15/2008,30.02,637.65,165.49,34.39,181.72
1/16/2008,29.34,615.95,156.28,35.12,185.68
1/17/2008,29.24,600.79,157.51,33.51,179.55
1/18/2008,29.15,600.25,157.97,32.65,176
1/22/2008,28.22,584.35,152.37,33.94,179.28
1/23/2008,28.19,548.62,136.15,36.83,187.45
1/24/2008,29.36,574.49,132.75,36.22,187.28
1/25/2008,29.09,566.4,127.28,35.84,180.23
1/28/2008,28.89,555.98,127.28,37.4,184.83
1/29/2008,28.79,550.52,128.77,38.07,184.64
1/30/2008,28.43,548.27,129.4,38.32,186.99
1/31/2008,28.79,564.3,132.51,40.08,187.94
2/1/2008,26.89,515.9,130.94,40.88,195.69
2/4/2008,26.66,495.43,128.88,39.97,189.11
2/5/2008,25.67,506.8,126.64,38.46,178.81
2/6/2008,25.18,501.71,119.43,38.43,176.28
2/7/2008,24.83,504.95,118.69,39.37,179.37
2/8/2008,25.22,516.69,122.84,38.27,176.18
2/11/2008,24.91,521.16,126.73,38.26,175.05
2/12/2008,25.02,518.09,122.23,38.87,170.14
2/13/2008,25.57,534.62,126.68,39.34,169.69
2/14/2008,25.17,532.25,124.78,38.35,166.28
2/15/2008,25.09,529.64,122.01,38.76,168.03
2/19/2008,24.97,508.95,119.61,38.74,163.68
2/20/2008,25.01,509,121.22,39.01,166.93
2/21/2008,24.91,502.86,118.98,38.32,164.97
2/22/2008,24.54,507.8,116.95,38.67,167.37
2/25/2008,24.68,486.44,117.22,38.98,167.04
2/26/2008,25.16,464.19,116.64,38.78,162.65
2/27/2008,25.05,472.86,120.37,38.93,170.28
2/28/2008,24.76,475.39,127.18,37.6,166.42
2/29/2008,24.11,471.18,122.39,36.08,159.76
3/3/2008,23.92,457.02,119.17,35.57,155.47
3/4/2008,24.46,444.6,122,35.21,154.08
3/5/2008,24.93,447.7,121.87,34.66,155.37
3/6/2008,24.44,432.7,118.39,33.71,149.42
3/7/2008,24.7,433.35,119.68,33.91,150.75
3/10/2008,24.86,413.62,117.17,32.59,146.52
3/11/2008,25.95,439.84,124.67,34.82,153.58
3/12/2008,25.38,440.18,123.38,34.18,153.52
3/13/2008,25.37,443.01,125.25,34.28,155.81
3/14/2008,24.78,437.92,123.95,32.94,147.73
3/17/2008,25.09,419.87,124.07,33.19,142.23
3/18/2008,26.08,439.16,130.03,35.93,165.37
3/19/2008,25.37,432,126.94,35.59,156.8
3/20/2008,25.87,433.55,130.47,38.64,169.17
3/24/2008,25.86,460.56,136.6,39.18,168.47
3/25/2008,25.83,450.78,138.02,37.82,169.17
3/26/2008,25.32,458.19,142.01,36.77,165.27
3/27/2008,24.86,444.08,137.3,35.67,158.35
3/28/2008,24.74,438.08,140,35.14,154.88
3/31/2008,25.16,440.47,140.48,34.99,155.76
4/1/2008,26.15,465.71,146.39,37.72,166.57
4/2/2008,25.85,465.7,144.39,37.2,166.58
4/3/2008,25.71,455.12,148.42,37.26,166.26
4/4/2008,25.85,471.09,149.86,36.38,165.19
4/7/2008,25.85,476.82,152.61,36.46,168.33
4/8/2008,25.48,467.81,149.63,35.43,168.49
4/9/2008,25.61,464.19,148.26,35.01,164
4/10/2008,25.8,469.08,151.3,34.79,160.62
4/11/2008,25.07,457.45,144.05,34.1,157.56
4/14/2008,24.87,451.66,144.67,32.84,154.07
4/15/2008,25.04,446.84,145.26,32.84,154.64
4/16/2008,25.66,455.03,150.47,34.13,159.21
4/17/2008,25.9,449.54,151.24,34.59,162.08
4/18/2008,26.59,539.41,157.65,35.59,169.46
4/21/2008,26.97,537.79,164.62,34.72,169.9
4/22/2008,26.81,555,156.83,34.15,169.3
4/23/2008,27.88,546.49,159.47,34.02,168.91
4/24/2008,28.19,543.04,165.39,34.96,177.8
4/25/2008,26.44,544.06,166.16,35.35,181.16
4/28/2008,25.7,552.12,168.62,35.24,179.5
4/29/2008,25.39,558.47,171.37,34.95,181.8
4/30/2008,25.28,574.29,170.29,34.65,180.57
5/1/2008,26.06,593.08,176.22,36.36,187.81
5/2/2008,25.92,581.29,177.14,36.73,188.96
5/5/2008,25.78,594.9,180.85,35.97,185.99
5/6/2008,26.33,586.36,182.74,36.22,186.45
5/7/2008,25.89,579,178.75,35.08,179.05
5/8/2008,25.95,583.01,181.17,34.46,177.12
5/9/2008,26.05,573.2,179.59,33.83,177.47
5/12/2008,26.58,584.94,184.2,34.56,181.24
5/13/2008,26.5,583,185.97,33.79,179.58
5/14/2008,26.63,576.3,182.34,33.97,179.4
5/15/2008,27.09,581,185.74,33.89,177.97
5/16/2008,26.68,580.07,183.68,33.39,176.58
5/19/2008,26.21,577.52,179.74,33.32,173.99
5/20/2008,25.59,578.6,181.99,32.67,172.13
5/21/2008,25.13,549.99,174.44,31.97,168.52
5/22/2008,25.33,549.46,173.33,32.06,167.2
5/23/2008,24.96,544.62,177.36,31.32,162.89
5/27/2008,25.3,560.9,182.51,31.54,164.1
5/28/2008,25.07,568.24,183.08,31.26,164.96
5/29/2008,25.19,583,182.76,31.94,166.29
5/30/2008,25.2,585.8,184.78,31.39,166.45
6/2/2008,24.73,575,182.19,31,162.61
6/3/2008,24.3,567.3,181.47,30.75,160.95
6/4/2008,24.5,572.22,181.3,30.11,162.38
6/5/2008,25.18,586.3,185.45,30.11,166.63
6/6/2008,24.46,567,181.74,28.7,159.87
6/9/2008,24.65,557.87,177.79,27.87,156.4
6/10/2008,24.81,554.17,181.74,27.88,157.77
6/11/2008,24.13,545.2,177.01,27.15,153.23
6/12/2008,25.12,552.95,169.62,27.71,157.34
6/13/2008,25.86,571.51,168.75,28.03,168.22
6/16/2008,25.74,572.81,173.12,28.54,171.81
6/17/2008,25.62,569.46,177.62,27.52,169.31
6/18/2008,25.32,562.38,174.99,26.7,172.45
6/19/2008,25.74,560.2,177.1,26.48,176.38
6/20/2008,25.12,546.43,171.58,25.5,173.4
6/23/2008,24.88,545.21,169.52,24.36,168.51
6/24/2008,24.67,542.3,169.61,25.05,171.71
6/25/2008,25.22,551,173.66,25.04,173.28
6/26/2008,24.69,528.82,164.72,23.35,166.31
6/27/2008,24.58,528.07,166.51,23.14,164.71
6/30/2008,24.48,526.42,163.92,22.46,165.03
7/1/2008,23.91,534.73,171.01,22.41,165.43
7/2/2008,23.03,527.04,164.64,21.21,168.7
7/3/2008,23.11,537,166.54,21.08,168.79
7/7/2008,23.16,543.91,171.48,20.26,160.23
7/8/2008,23,554.53,175.77,22.15,165.03
7/9/2008,22.45,541.55,170.59,20.76,159.48
7/10/2008,22.64,540.57,172.92,21.04,160.55
7/11/2008,22.46,533.8,168.95,20.39,153.31
7/14/2008,22.38,521.62,170.22,18.96,149.71
7/15/2008,23.27,516.09,166.07,17.43,148.89
7/16/2008,24.25,535.6,169.18,21.34,163.1
7/17/2008,24.48,533.44,168.2,24.94,171.01
7/18/2008,23.01,481.32,161.68,25.87,172.52
7/21/2008,22.81,468.8,162.79,26.88,170.57
7/22/2008,22.95,477.11,158.61,30.45,177.42
7/23/2008,23.51,489.22,162.76,31.47,177.26
7/24/2008,22.63,475.62,155.69,28.84,170.08
7/25/2008,23.27,491.98,158.71,27.84,168.9
7/28/2008,22.69,477.12,151.15,26.41,163.46
7/29/2008,23.23,483.11,153.78,30.32,171.71
7/30/2008,23.34,482.7,156.52,31.63,176
7/31/2008,22.88,473.75,155.61,30.96,173.99
8/1/2008,22.63,467.86,153.37,31.37,172.06
8/4/2008,22.49,463,150.01,30.7,168.15
8/5/2008,23.32,479.85,157.26,31.6,170.9
8/6/2008,24.04,486.34,160.74,31.48,169.74
8/7/2008,24.37,479.12,160.13,29.66,162.92
8/8/2008,25.03,495.01,165.99,30.35,166.34
8/11/2008,24.82,500.84,169.91,31.42,168.28
8/12/2008,25.02,502.61,173.01,29.3,158.16
8/13/2008,24.83,500.03,175.53,27.16,155.89
8/14/2008,24.83,505.49,175.55,28.4,157.49
8/15/2008,24.74,510.15,172.04,28.89,154.27
8/18/2008,24.64,498.3,171.7,27.58,151.3
8/19/2008,24.4,490.5,169.88,26.43,149.37
8/20/2008,24.38,485,172.14,27.57,149.61
8/21/2008,24.28,486.53,170.63,27.33,147.88
8/22/2008,24.87,490.59,173.07,28.43,151.08
8/25/2008,24.71,483.01,168.92,27.26,147.21
8/26/2008,24.36,474.16,169.99,27.31,147.39
8/27/2008,24.62,468.58,171,27.9,146.99
8/28/2008,24.96,473.78,170.09,29.58,152.99
8/29/2008,24.38,463.29,165.97,29.31,155.01
9/2/2008,24.21,465.25,162.7,30.71,156.29
9/3/2008,24.03,464.41,163.45,31.64,158.46
9/4/2008,23.54,450.26,157.83,29.37,152.11
9/5/2008,22.91,444.25,156.81,30.94,154.32
9/8/2008,23.33,419.95,154.6,33.34,160.46
9/9/2008,23.31,418.66,148.49,31.22,152.84
9/10/2008,23.62,414.16,148.42,31.1,148.98
9/11/2008,24.42,433.75,149.44,31.74,148.45
9/12/2008,24.67,437.66,145.81,32.39,145.79
9/15/2008,23.96,433.86,137.41,25.49,128.1
9/16/2008,23.22,442.93,136.94,28.37,125.75
9/17/2008,21.95,414.49,125.14,26.11,108.25
9/18/2008,22.56,439.08,131.27,29.36,102.1
9/19/2008,22.47,449.15,137.95,35.98,122.71
9/22/2008,22.69,430.14,128.29,32.78,114.18
9/23/2008,22.72,429.27,124.17,31.97,118.22
9/24/2008,22.97,435.11,126,31.75,125.74
9/25/2008,23.77,439.6,129.16,32.99,128.1
9/26/2008,24.47,431.04,125.54,35.23,130.45
9/29/2008,22.34,381,103.05,29.04,114.11
9/30/2008,23.84,400.52,111.27,33.6,121.01
10/1/2008,23.65,411.72,106.83,36.6,127.15
10/2/2008,23.45,390.49,98,34.91,124.36
10/3/2008,23.51,386.91,95.03,33.1,121.01
10/6/2008,22.25,371.21,96.08,30.93,117.23
10/7/2008,20.75,346.01,87.29,22.82,108.72
10/8/2008,20.55,338.11,87.9,21.22,106.83
10/9/2008,19.92,328.98,86.87,18.84,95.81
10/10/2008,19.2,332,94.76,20.03,83.95
10/13/2008,22.78,381.02,107.94,21.88,104.94
10/14/2008,21.53,362.71,101.89,25.47,116.19
10/15/2008,20.24,339.17,95.89,22.87,106.97
10/16/2008,21.61,353.02,99.75,23.28,106.26
10/17/2008,21.38,372.54,95.35,22.31,108.06
10/20/2008,22.08,379.32,96.37,23.42,114.86
10/21/2008,20.87,362.75,89.57,23.01,114.72
10/22/2008,19.23,355.67,94.83,21.75,108.78
10/23/2008,19.94,352.32,96.16,22.08,102.96
10/24/2008,19.62,339.29,94.35,20.23,95.21
10/27/2008,18.92,329.49,90.15,19.71,88.07
10/28/2008,20.63,368.75,97.81,22.1,88.73
10/29/2008,20.54,358,102.35,21.43,92.61
10/30/2008,20.21,359.69,108.71,21.87,86.4
10/31/2008,19.95,359.36,105.33,23.2,87.71
11/3/2008,20.21,346.49,104.71,22.66,84.48
11/4/2008,21.02,366.94,108.66,23.55,90.09
11/5/2008,19.72,342.24,101.13,20.88,82.91
11/6/2008,18.65,331.22,97.02,19.31,76.54
11/7/2008,19.2,331.14,96.17,19.67,73.76
11/10/2008,19.03,318.78,93.86,18.7,67.53
11/11/2008,18.94,311.46,92.78,17.94,70.82
11/12/2008,18.13,291,88.23,16.32,63.33
11/13/2008,18.98,312.08,94.41,16.42,66.37
11/14/2008,17.92,310.02,88.34,15.76,63.28
11/17/2008,17.26,300.12,86.29,14.43,59.26
11/18/2008,17.64,297.42,88.02,14.58,58.82
11/19/2008,16.45,280.18,84.48,12.54,52.33
11/20/2008,15.76,259.56,78.8,10.8,49.31
11/21/2008,17.7,262.43,80.84,11.01,50.55
11/24/2008,18.61,257.44,91,14.01,63.93
11/25/2008,17.98,282.05,88.89,14.21,68.07
11/26/2008,18.43,292.09,93,14.81,72.54
11/28/2008,18.18,292.96,90.72,15.6,74.9
12/1/2008,16.74,265.99,87.06,12.34,62.36
12/2/2008,17.22,275.11,90.53,13.79,61.64
12/3/2008,17.87,279.43,93.88,14.78,65.38
12/4/2008,17.19,274.34,89.49,14.08,64.04
12/5/2008,17.87,283.99,92.02,14.96,67.06
12/8/2008,18.89,302.11,97.62,17.52,73.16
12/9/2008,18.53,305.97,97.96,16.64,69.01
12/10/2008,18.53,308.82,96.15,16.39,67.83
12/11/2008,17.49,300.22,93,14.64,66.1
12/12/2008,17.41,315.76,96.2,14.66,64.24
12/15/2008,17.12,310.67,92.76,13.85,63.02
12/16/2008,18.08,325.28,93.42,14.83,72.07
12/17/2008,17.68,315.24,87.29,14.35,74.7
12/18/2008,17.36,310.28,87.55,13.71,75.91
12/19/2008,17.19,310.17,88.11,13.55,76.55
12/22/2008,17.25,297.11,83.94,13.28,73.02
12/23/2008,17.34,298.02,84.56,12.52,71.31
12/24/2008,17.24,302.95,83.25,13.28,72.49
12/26/2008,17.2,300.36,84.01,13.12,72.04
12/29/2008,17.05,297.42,84.79,12.7,72.6
12/30/2008,17.39,303.11,84.48,13,77.81
12/31/2008,17.48,307.65,83.56,13.82,80.02
1/2/2009,18.28,321.32,88.84,14.07,82.27
1/5/2009,18.45,328.05,92.59,13.73,84.19
1/6/2009,18.67,334.06,91.06,14.02,84.12
1/7/2009,17.55,322.01,89.1,13.46,80.13
1/8/2009,18.09,325.19,90.75,13.29,80.99
1/9/2009,17.55,315.07,88.68,12.75,79.58
1/12/2009,17.51,312.69,86.8,11.22,73.65
1/13/2009,17.82,314.32,85.87,10.46,73.89
1/14/2009,17.17,300.97,83.54,10.01,71.77
1/15/2009,17.3,298.99,81.63,8.17,70.01
1/16/2009,17.73,299.67,80.6,7.05,69.27
1/20/2009,16.62,282.75,76.56,5.01,56.14
1/21/2009,17.43,303.08,81.09,6.56,66.28
1/22/2009,15.39,306.5,86.5,5.61,67.36
1/23/2009,15.47,324.7,86.5,6.13,71.03
1/26/2009,15.85,323.87,87.76,5.89,70.36
1/27/2009,15.88,331.48,88.82,6.38,74.21
1/28/2009,16.22,348.67,92.22,7.26,83.16
1/29/2009,15.82,343.32,91.04,6.66,78.44
1/30/2009,15.38,338.53,88.23,6.46,76.55
2/2/2009,16.03,340.57,89.59,5.89,79.25
2/3/2009,16.64,340.45,91.03,5.2,78.53
2/4/2009,16.75,343,91.58,4.61,83.42
2/5/2009,17.12,353.72,94.43,4.75,88.05
2/6/2009,17.68,371.28,97.62,6.02,91.57
2/9/2009,17.48,378.77,100.35,6.76,92.83
2/10/2009,16.91,358.51,95.77,5.46,85.72
2/11/2009,17.28,358.04,94.78,5.96,89.81
2/12/2009,17.32,363.05,97.18,5.76,90.64
2/13/2009,17.17,357.68,97.08,5.47,91.46
2/17/2009,16.38,342.66,92.54,4.81,81.28
2/18/2009,16.41,353.11,92.39,4.49,80.13
2/19/2009,16.22,342.64,88.73,3.86,81.56
2/20/2009,16.3,346.45,89.28,3.72,80.65
2/23/2009,15.58,330.06,85.12,3.84,76.34
2/24/2009,15.55,345.45,88.35,4.64,88.65
2/25/2009,15.36,341.64,89.24,5.07,85.73
2/26/2009,14.87,337.18,87.31,5.22,87.86
2/27/2009,14.62,337.99,87.43,3.88,86.84
3/2/2009,14.3,327.16,86.09,3.56,82.25
3/3/2009,14.38,325.48,86.51,3.58,78.54
3/4/2009,14.6,318.92,89.25,3.53,81.49
3/5/2009,13.83,305.64,86.97,3.12,77.92
3/6/2009,13.84,308.57,83.51,3.09,72.13
3/9/2009,13.72,290.89,81.36,3.69,70.51
3/10/2009,14.92,308.17,86.77,4.72,81.31
3/11/2009,15.49,317.91,90.73,4.85,88.09
3/12/2009,15.4,323.53,94.32,5.76,92.72
3/13/2009,15.08,324.42,93.91,5.67,94.2
3/16/2009,14.71,319.69,93.41,6.08,89.53
3/17/2009,15.3,335.34,97.56,6.17,94.38
3/18/2009,15.36,333.1,99.39,7.55,100.35
3/19/2009,15.52,329.94,99.48,6.82,94.68
3/20/2009,15.45,330.16,99.45,6.09,92.79
3/23/2009,16.6,348.6,105.4,7.68,106.72
3/24/2009,16.23,347.17,104.26,7.11,105.45
3/25/2009,16.19,344.07,104.25,7.58,107.69
3/26/2009,17.05,353.29,107.56,7.46,106.78
3/27/2009,16.42,347.7,104.6,7.23,103.05
3/30/2009,15.83,342.69,102.29,5.94,95.78
3/31/2009,16.63,348.06,102.91,6.71,101.08
4/1/2009,17.48,354.09,106.4,6.94,105.16
4/2/2009,17.47,362.5,110.34,7.13,108.9
4/3/2009,16.98,369.78,113.55,7.48,113.84
4/6/2009,16.99,368.24,115.96,7.36,111.22
4/7/2009,16.99,358.65,112.58,7.25,110.68
4/8/2009,17.38,362,113.87,6.95,109.41
4/9/2009,17.81,372.5,117.06,9.4,118.54
4/13/2009,17.74,378.11,117.69,10.85,124.09
4/14/2009,17.52,368.91,115.82,9.93,109.75
4/15/2009,17.05,379.5,115.17,10.28,115.55
4/16/2009,17.89,388.74,118.9,10.18,115.55
4/17/2009,17.38,392.24,120.83,10.44,114.99
4/20/2009,16.85,379.3,117.97,7.9,109.66
4/21/2009,17.18,381.47,119.2,8.62,114.76
4/22/2009,17,383.86,118.96,8.13,114.88
4/23/2009,17.13,384.69,122.76,8.68,117.09
4/24/2009,18.93,389.49,121.29,8.96,115.65
4/27/2009,18.47,385.95,122.11,8.78,115.27
4/28/2009,18.05,383.71,121.29,8.02,115.05
4/29/2009,18.34,391.47,122.51,8.55,121.26
4/30/2009,18.34,395.97,123.18,8.79,122.52
5/1/2009,18.33,393.69,124.56,8.57,121.16
5/4/2009,18.28,401.98,129.29,10.22,127.91
5/5/2009,17.92,402.99,129.92,10.67,128.91
5/6/2009,17.92,403.47,129.71,12.49,132.74
5/7/2009,17.49,396.61,126.35,13.3,127.5
5/8/2009,17.58,407.33,126.47,13.95,133.09
5/11/2009,17.49,407.98,126.85,12.74,129.46
5/12/2009,18.01,399.01,121.8,12.07,129.11
5/13/2009,17.88,389.54,116.98,10.84,123.24
5/14/2009,18.16,387.5,120.36,11.13,127.38
5/15/2009,18.31,390,119.85,10.5,128.14
5/18/2009,18.65,396.84,123.99,11.55,136.49
5/19/2009,18.51,398.88,124.77,11.08,134.58
5/20/2009,18.57,397.18,123.22,11.31,130.09
5/21/2009,18.06,396.5,121.57,11.23,131.11
5/22/2009,18,393.5,119.92,10.9,130.34
5/26/2009,18.53,404.36,128.03,10.81,135.78
5/27/2009,18.34,405.56,130.25,10.74,133.83
5/28/2009,18.63,410.4,132.23,11.13,138.27
5/29/2009,19.04,417.23,132.95,11.1,138.19
6/1/2009,19.5,426.56,136.42,11.04,137.96
6/2/2009,19.5,428.4,136.56,11.23,136.82
6/3/2009,19.8,431.65,137.99,11.05,135.88
6/4/2009,19.89,440.28,140.72,11.7,142.88
6/5/2009,20.17,444.32,141.63,11.69,142.44
6/8/2009,20.09,438.77,140.83,11.88,141.81
6/9/2009,20.12,435.62,139.72,11.88,142.72
6/10/2009,20.55,432.6,137.3,11.8,140.21
6/11/2009,20.8,429,137.01,12.78,138.75
6/12/2009,21.26,424.84,134.09,13.52,139.22
6/15/2009,21.34,416.77,133.23,13.14,136.7
6/16/2009,21.37,416,133.48,12.54,137.8
6/17/2009,21.58,415.16,132.73,12.12,133.57
6/18/2009,21.41,414.06,133.02,12.71,136.78
6/19/2009,21.93,420.09,136.55,13.03,136.82
6/22/2009,21.21,407.35,134.48,11.77,130.97
6/23/2009,21.27,405.68,131.19,12.05,134.96
6/24/2009,21.39,409.29,133.36,12.17,136.36
6/25/2009,21.68,415.77,136.92,12.17,138.06
6/26/2009,21.28,425.32,139.45,12.56,140.27
6/29/2009,21.74,424.14,138.99,13,142.77
6/30/2009,21.66,421.59,139.44,13.01,140.94
7/1/2009,21.91,418.99,139.83,12.86,140.82
7/2/2009,21.29,408.49,137.08,12.46,137.16
7/6/2009,21.14,409.61,135.7,11.97,140
7/7/2009,20.53,396.63,132.55,11.97,136.25
7/8/2009,20.56,402.49,134.33,11.67,132.44
7/9/2009,20.45,410.39,133.49,11.8,136.89
7/10/2009,20.4,414.4,135.61,11.71,135.61
7/13/2009,21.17,424.3,139.35,12.8,142.85
7/14/2009,21.06,424.69,139.28,12.72,143.06
7/15/2009,21.98,438.17,143.79,13.22,148.41
7/16/2009,22.27,442.6,144.42,12.98,149.92
7/17/2009,22.13,430.25,148.56,12.7,149.92
7/20/2009,22.35,430.17,149.69,12.06,152.97
7/21/2009,22.63,427.9,148.32,12.01,152.75
7/22/2009,22.6,427.69,153.44,12.05,153.38
7/23/2009,23.29,437.34,154.5,12.5,158.15
7/24/2009,21.37,446.72,156.63,12.33,157.45
7/27/2009,21.06,444.8,156.73,12.9,156.64
7/28/2009,21.39,439.85,156.64,13.15,153.46
7/29/2009,21.69,436.24,156.67,13.32,152.41
7/30/2009,21.7,445.64,159.37,13.77,155.26
7/31/2009,21.43,443.05,159.95,14.57,156.1
8/3/2009,21.71,452.21,162.93,15.1,156.86
8/4/2009,21.66,453.73,162.07,15.41,157.89
8/5/2009,21.7,451.14,161.64,16.42,161.2
8/6/2009,21.38,450.36,160.46,16.46,159.4
8/7/2009,21.47,457.1,162.03,16.18,156.43
8/10/2009,21.34,456.61,161.26,16.44,153.29
8/11/2009,21.08,453.94,159.41,15.62,152.2
8/12/2009,21.44,458.58,161.83,15.7,156.54
8/13/2009,21.52,462.28,164.88,16.75,157.23
8/14/2009,21.59,460,163.27,17.14,155.55
8/17/2009,21.19,444.89,156.23,16.32,150.31
8/18/2009,21.61,445.28,160.55,16.65,153.4
8/19/2009,21.67,443.97,161.14,16.51,152.88
8/20/2009,21.69,460.41,162.83,16.89,155.17
8/21/2009,22.37,465.24,165.66,17.2,156.64
8/24/2009,22.58,468.73,165.51,17.1,155.75
8/25/2009,22.58,471.37,165.84,17.49,158.01
8/26/2009,22.5,468,163.89,17.53,158.97
8/27/2009,22.62,466.06,165.89,17.66,158.08
8/28/2009,22.62,464.75,166.47,17.72,157.51
8/31/2009,22.59,461.67,164.67,17.33,158.5
9/1/2009,21.99,455.76,161.82,16.22,153.44
9/2/2009,21.86,453.01,161.71,16.04,151.87
9/3/2009,22.09,457.52,163.05,16.6,154.86
9/4/2009,22.56,461.3,166.73,16.85,156.12
9/8/2009,22.74,458.62,169.29,16.78,160.19
9/9/2009,22.71,463.97,167.54,16.8,163.11
9/10/2009,22.91,470.94,168.93,16.98,167.52
9/11/2009,22.78,472.14,168.54,16.73,167.36
9/14/2009,22.91,475.12,170.07,16.75,170.24
9/15/2009,23.09,477.54,171.48,16.55,169.23
9/16/2009,23.09,488.29,178.05,17.01,172.31
9/17/2009,23.18,491.72,180.67,17.36,173.83
9/18/2009,23.15,491.46,181.13,17.38,175.48
9/21/2009,23.18,497,180.15,17.01,174.72
9/22/2009,23.61,499.06,180.6,17.36,177.72
9/23/2009,23.56,498.46,181.6,17.25,175.92
9/24/2009,23.77,496.77,179.96,16.74,175.36
9/25/2009,23.41,492.48,178.54,16.37,171.95
9/28/2009,23.67,498.53,182.24,16.98,174.83
9/29/2009,23.6,498.53,181.48,16.92,175.86
9/30/2009,23.57,495.85,181.45,16.68,176.6
10/1/2009,22.8,487.2,177.06,15.98,171.47
10/2/2009,22.87,484.58,181.01,16.11,172.06
10/5/2009,22.58,488.52,182.11,16.72,178.63
10/6/2009,23.01,498.74,186.01,16.76,179.12
10/7/2009,23,517.54,186.25,17.11,182.47
10/8/2009,23.52,514.18,185.29,17.09,180.26
10/9/2009,23.41,516.25,186.47,17.25,181.34
10/12/2009,23.57,524.04,186.8,17.78,182.16
10/13/2009,23.65,526.11,186.02,17.56,179.36
10/14/2009,23.79,535.32,187.27,18.33,184.2
10/15/2009,24.48,529.91,186.55,17.85,180.7
10/16/2009,24.28,549.85,184.1,17.02,176.62
10/19/2009,24.15,552.09,185.87,16.92,177.7
10/20/2009,24.16,551.72,194.58,16.77,177.18
10/21/2009,24.36,551.1,200.61,16.28,171.72
10/22/2009,24.37,554.09,200.89,16.29,175.97
10/23/2009,25.68,553.69,199.65,15.99,172.78
10/26/2009,26.28,554.21,198.22,15.18,171.83
10/27/2009,26.2,548.29,193.22,15.23,171.1
10/28/2009,25.68,540.3,188.35,14.8,164.92
10/29/2009,25.86,551.05,192.22,15.51,171.07
10/30/2009,25.41,536.12,184.54,14.38,163.02
11/2/2009,25.55,533.99,185.33,14.43,163.5
11/3/2009,25.23,537.29,184.78,14.59,164.4
11/4/2009,25.71,540.33,186.8,14.49,162.37
11/5/2009,26.09,548.65,189.95,14.92,166.11
11/6/2009,26.13,551.1,190.25,14.84,164.56
11/9/2009,26.56,562.51,197.22,15.55,169.15
11/10/2009,26.58,566.76,198.71,15.81,169.09
11/11/2009,26.68,570.56,198.98,16.2,172.29
11/12/2009,26.9,567.85,197.74,15.83,170.98
11/13/2009,27.15,572.05,200.15,15.76,169.33
11/16/2009,27.07,576.28,202.29,15.65,169.8
11/17/2009,27.61,577.49,202.65,15.55,169.18
11/18/2009,27.71,576.65,201.63,16.12,169.46
11/19/2009,27.41,572.99,196.29,15.85,165.56
11/20/2009,27.26,569.96,195.72,15.86,162.86
11/23/2009,27.56,582.35,201.55,16.06,164.77
11/24/2009,27.53,583.09,200.14,15.87,163.94
11/25/2009,27.42,585.74,199.9,15.73,161.82
11/27/2009,26.89,579.76,196.37,15.25,157.26
11/30/2009,27.07,583,195.71,15.63,162.87
12/1/2009,27.62,589.87,192.83,15.68,160.93
12/2/2009,27.41,587.51,192.1,15.44,159.99
12/3/2009,27.45,585.74,192.35,15.55,157.73
12/4/2009,27.59,585.01,189.26,16.06,160.55
12/7/2009,27.42,586.25,184.98,15.68,157.3
12/8/2009,27.22,587.05,185.88,15.2,155.37
12/9/2009,27.34,589.02,193.64,15.18,159.78
12/10/2009,27.49,591.5,192.3,15.01,160.06
12/11/2009,27.47,590.51,190.58,15.42,159.36
12/14/2009,27.71,595.73,192.84,15.42,159.46
12/15/2009,27.63,593.14,190.09,14.99,156.23
12/16/2009,27.7,597.76,190.93,15.08,158.39
12/17/2009,27.24,593.94,187.83,14.66,154.49
12/18/2009,27.94,596.42,191.32,14.83,156.66
12/21/2009,28.09,598.68,194.06,15.08,158.83
12/22/2009,28.37,601.12,196.15,15.12,158.02
12/23/2009,28.46,611.68,197.85,14.99,157.09
12/24/2009,28.53,618.48,204.64,15.05,157.41
12/28/2009,28.69,622.87,207.16,15.09,157.21
12/29/2009,28.89,619.4,204.7,14.92,157.56
12/30/2009,28.5,622.73,207.19,14.87,160.03
12/31/2009,28.05,619.98,206.3,14.86,162.09
1/4/2010,28.49,626.75,209.51,15.48,166.16
1/5/2010,28.5,623.99,209.87,15.98,169.1
1/6/2010,28.32,608.26,206.53,16.17,167.29
1/7/2010,28.03,594.1,206.15,16.7,170.56
1/8/2010,28.22,602.02,207.52,16.56,167.34
1/11/2010,27.86,601.11,205.69,16.7,164.7
1/12/2010,27.68,590.48,203.35,16.14,161.11
1/13/2010,27.93,587.09,206.22,16.4,162.31
1/14/2010,28.5,589.85,205.03,16.59,161.79
1/15/2010,28.4,580,201.6,16.04,158.6
1/19/2010,28.62,587.62,210.52,16.1,160.19
1/20/2010,28.15,580.41,207.28,16.27,161.08
1/21/2010,27.62,582.98,203.7,15.26,154.44
1/22/2010,26.65,550.01,193.59,14.7,147.96
1/25/2010,26.99,540,198.8,14.78,148.78
1/26/2010,27.15,542.42,201.61,14.57,144.85
1/27/2010,27.31,542.1,203.51,14.99,145.44
1/28/2010,26.84,534.29,195.1,15.16,147.16
1/29/2010,25.94,529.94,188.02,14.98,142.77
2/1/2010,26.15,533.02,190.64,15.21,147.01
2/2/2010,26.19,531.12,191.74,15.39,150.66
2/3/2010,26.35,540.82,195.04,15.32,150.94
2/4/2010,25.62,526.78,188.01,14.55,144.65
2/5/2010,25.79,531.29,191.35,14.8,147.99
2/8/2010,25.51,533.47,190.04,14.29,145.06
2/9/2010,25.78,536.44,192.07,14.28,146.39
2/10/2010,25.76,534.45,191.02,14.47,147.49
2/11/2010,25.88,536.4,194.49,14.43,147.89
2/12/2010,25.71,533.12,196.17,14.26,147.77
2/16/2010,26.21,541.3,199.12,14.96,151.11
2/17/2010,26.44,538.21,198.29,15.45,150.97
2/18/2010,26.79,543.22,198.66,15.67,149.5
2/19/2010,26.6,540.76,197.43,15.67,149.93
2/22/2010,26.57,542.8,196.21,15.99,150.44
2/23/2010,26.2,535.07,192.92,15.73,150.43
2/24/2010,26.47,531.47,196.44,16.11,152
2/25/2010,26.45,526.43,197.75,16.33,150.18
2/26/2010,26.51,526.8,200.32,16.44,150.43
3/1/2010,26.83,532.69,204.6,16.49,150.62
3/2/2010,26.32,541.06,204.46,16.24,152.74
3/3/2010,26.32,545.32,204.93,16.16,151.75
3/4/2010,26.47,554.59,206.28,16.19,157.42
3/5/2010,26.44,564.21,214.35,16.49,160.85
3/8/2010,26.47,562.48,214.47,16.53,163.41
3/9/2010,26.63,560.19,218.33,16.59,162.46
3/10/2010,26.79,576.45,220.11,16.89,165.43
3/11/2010,26.98,581.14,220.76,16.9,166.94
3/12/2010,27.07,579.54,221.84,16.63,168.34
3/15/2010,27.08,563.18,219.13,16.63,166.96
3/16/2010,27.16,565.2,219.73,16.81,169.52
3/17/2010,27.4,565.56,219.41,17.05,169.96
3/18/2010,27.38,566.4,219.93,16.86,170.74
3/19/2010,27.36,560,217.58,16.6,171.17
3/22/2010,27.37,557.5,220.02,16.74,169.49
3/23/2010,27.63,549,223.56,16.91,168.21
3/24/2010,27.42,557.33,224.55,17.35,167.81
3/25/2010,27.75,562.88,221.88,17.51,168.28
3/26/2010,27.43,562.69,226.05,17.67,166.33
3/29/2010,27.36,562.45,227.5,17.81,167.46
3/30/2010,27.53,566.71,230.89,17.53,164.89
3/31/2010,27.08,567.12,230.06,17.62,164.17
4/1/2010,26.96,568.8,231.01,17.81,163.78
4/5/2010,27.07,571.01,233.48,17.9,166.61
4/6/2010,27.11,568.22,234.5,18.25,166.36
4/7/2010,27.14,563.54,235.54,18.38,169.69
4/8/2010,27.67,567.49,234.9,18.41,172.71
4/9/2010,28.05,566.22,236.71,18.35,172.34
4/12/2010,28.04,572.73,237.2,18.42,171.11
4/13/2010,28.16,586.77,237.33,18.43,172.47
4/14/2010,28.5,589,240.52,19.15,177.92
4/15/2010,28.55,595.3,243.69,19.23,177.3
4/16/2010,28.36,550.15,242.2,18.17,154.62
4/19/2010,28.7,550.1,241.88,18.15,157.14
4/20/2010,29,555.04,239.45,18.37,153.93
4/21/2010,28.97,554.3,253.77,18.05,152.92
4/22/2010,29.03,547.06,260.87,18.3,153.03
4/23/2010,28.63,544.99,265.14,18.19,151.44
4/26/2010,28.77,531.64,263.83,17.82,146.28
4/27/2010,28.53,529.06,256.53,17.25,147.25
4/28/2010,28.58,529.19,256.1,17.55,151.07
4/29/2010,28.67,532,262.99,18.07,154.18
4/30/2010,28.24,525.7,255.6,17.6,139.71
5/3/2010,28.54,530.6,260.75,17.83,143.84
5/4/2010,27.86,506.37,253.24,17.34,143.79
5/5/2010,27.6,509.76,250.61,17.31,142.58
5/6/2010,26.8,498.67,241.07,16.07,136.93
5/7/2010,26.09,493.14,230.9,15.97,137.58
5/10/2010,26.76,521.65,248.65,17.08,138.39
5/11/2010,26.7,509.05,251.13,16.94,136.6
5/12/2010,27.22,505.39,256.58,16.85,141.63
5/13/2010,27.04,510.88,252.93,16.65,139.18
5/14/2010,26.75,507.53,248.48,16.13,137.81
5/17/2010,26.76,507.97,248.87,16.14,137.24
5/18/2010,26.57,498.37,247.05,15.75,132.16
5/19/2010,26.23,494.43,243.12,16.1,134.8
5/20/2010,25.18,475.01,232.76,15.1,130.95
5/21/2010,24.93,472.05,237.23,15.79,135.3
5/24/2010,24.4,477.16,241.57,15.2,131.52
5/25/2010,24.22,477.07,240.06,15.29,137.17
5/26/2010,23.23,475.47,238.98,15.27,134.99
5/27/2010,24.15,490.46,248.02,15.97,139.81
5/28/2010,23.96,485.63,251.48,15.54,139.15
6/1/2010,24.05,482.37,255.35,15.24,136.83
6/2/2010,24.58,493.37,258.4,15.7,139.7
6/3/2010,24.95,505.6,257.59,15.62,138.94
6/4/2010,23.96,498.72,250.58,15.16,137.21
6/7/2010,23.49,485.52,245.66,14.65,133.77
6/8/2010,23.32,484.78,244.09,15.14,132.9
6/9/2010,23.03,474.02,238.09,14.83,131.95
6/10/2010,23.22,487.01,245.24,15.27,129.03
6/11/2010,23.83,488.5,248.18,15.41,130.83
6/14/2010,23.69,483.19,248.93,15.22,128.71
6/15/2010,24.69,497.99,254.23,15.61,132.05
6/16/2010,24.45,501.27,261.63,15.68,132.2
6/17/2010,24.49,500.08,266.15,15.63,132.45
6/18/2010,24.56,500.03,268.31,15.63,133.28
6/21/2010,24.1,488.56,264.49,15.6,132.86
6/22/2010,23.94,486.25,268.09,15.39,130.01
6/23/2010,23.51,482.05,265.27,15.24,130.28
6/24/2010,23.22,475.1,263.34,14.84,130.2
6/25/2010,22.78,472.68,261.09,15.23,134.71
6/28/2010,22.58,472.08,262.66,15.05,131.82
6/29/2010,21.65,454.26,250.78,14.39,129.02
6/30/2010,21.37,444.95,246.24,14.2,126.62
7/1/2010,21.51,439.49,243.26,13.85,126.49
7/2/2010,21.61,436.55,241.75,13.67,126.44
7/6/2010,22.13,436.07,243.4,13.89,127.57
7/7/2010,22.57,450.2,253.23,14.53,131.02
7/8/2010,22.67,456.56,252.66,14.68,130.66
7/9/2010,22.54,467.49,254.16,14.93,133.17
7/12/2010,23.06,475.83,251.88,15.03,132.39
7/13/2010,23.34,489.2,246.51,15.48,135.28
7/14/2010,23.63,491.34,247.42,15.48,134.13
7/15/2010,23.7,494.02,246.16,15.2,140.07
7/16/2010,23.12,459.61,244.65,13.81,140.99
7/19/2010,23.44,466.18,240.42,13.44,140.52
7/20/2010,23.67,481.59,246.59,13.6,143.63
7/21/2010,23.33,477.5,248.89,13.2,141.78
7/22/2010,24,484.81,253.57,13.49,141.36
7/23/2010,23.97,490.06,254.47,13.57,142.16
7/26/2010,24.24,488.97,253.83,13.98,142.95
7/27/2010,24.3,492.63,258.53,14.02,142.01
7/28/2010,24.1,484.35,255.47,13.82,141.98
7/29/2010,24.18,484.99,252.68,13.86,147.17
7/30/2010,23.97,484.85,251.84,13.87,145.48
8/2/2010,24.46,490.41,256.34,14.26,147.33
8/3/2010,24.3,489.83,256.42,14.17,147.76
8/4/2010,23.9,506.32,257.45,14.02,150.87
8/5/2010,23.57,508.1,256.2,13.85,150.4
8/6/2010,23.73,500.22,254.62,13.79,149.68
8/9/2010,23.79,505.35,256.25,13.74,149.89
8/10/2010,23.29,503.71,253.96,13.46,148.45
8/11/2010,23.09,491.74,244.93,13.03,143.96
8/12/2010,22.75,492.01,246.5,12.9,144.13
8/13/2010,22.66,486.35,243.86,13.07,142.83
8/16/2010,22.76,485.59,242.43,13.03,142.52
8/17/2010,23.07,490.52,246.67,13.05,143.32
8/18/2010,23.18,482.15,247.75,13.16,143.91
8/19/2010,22.82,467.97,244.63,12.86,141.84
8/20/2010,22.63,462.02,244.39,12.71,142.99
8/23/2010,22.67,464.07,240.63,12.71,141.54
8/24/2010,22.45,451.39,234.89,12.49,138.85
8/25/2010,22.5,454.62,237.78,12.51,139.55
8/26/2010,22.24,450.98,235.23,12.32,136.79
8/27/2010,22.35,458.83,236.54,12.49,134.8
8/30/2010,22.08,452.69,237.4,12.17,132.15
8/31/2010,21.92,450.02,237.99,12.31,132.41
9/1/2010,22.32,460.33,245.07,13.06,135.13
9/2/2010,22.36,463.18,246.87,13.13,135.17
9/3/2010,22.68,470.3,253.33,13.35,142.43
9/7/2010,22.37,464.4,252.39,13.06,140.42
9/8/2010,22.35,470.58,257.39,13.22,142.67
9/9/2010,22.42,476.18,257.54,13.35,144.22
9/10/2010,22.27,476.14,257.87,13.4,145.43
9/13/2010,23.45,482.27,261.43,13.79,149.27
9/14/2010,23.37,480.43,262.42,13.52,147.49
9/15/2010,23.46,480.64,264.54,13.55,147.52
9/16/2010,23.65,481.06,270.75,13.4,147.2
9/17/2010,23.55,490.15,269.58,13.25,146
9/20/2010,23.75,508.28,277.27,13.58,146.89
9/21/2010,23.49,513.46,277.8,13.49,146.4
9/22/2010,22.98,516,281.7,13.27,143.18
9/23/2010,22.81,513.48,282.85,13.02,140.13
9/24/2010,23.14,527.29,286.17,13.45,142.42
9/27/2010,23.09,530.41,285.04,13.09,141.18
9/28/2010,23.05,527.17,280.83,13.12,140.22
9/29/2010,22.88,527.69,281.33,12.96,139.65
9/30/2010,22.87,525.79,277.78,12.95,139.81
10/1/2010,22.77,525.62,276.58,13.15,142.82
10/4/2010,22.33,522.35,272.78,13,141.73
10/5/2010,22.74,538.23,282.86,13.41,144.63
10/6/2010,22.81,534.35,283.11,13.24,145.86
10/7/2010,22.91,530.01,283.14,13.16,146.12
10/8/2010,22.94,536.35,287.89,13.03,147.62
10/11/2010,22.96,538.84,289.15,13,147.18
10/12/2010,23.19,541.39,292.26,13.37,150.09
10/13/2010,23.66,543.3,293.83,13.14,149.62
10/14/2010,23.56,540.93,295.95,12.46,146.59
10/15/2010,23.85,601.45,308.12,11.84,145.72
10/18/2010,24.11,617.71,311.31,12.2,148.63
10/19/2010,23.44,607.83,302.98,11.67,151.55
10/20/2010,23.63,607.98,304,11.62,154.33
10/21/2010,23.74,611.99,303.01,11.23,154.04
10/22/2010,23.7,612.53,301.01,11.31,152.55
10/25/2010,23.52,616.5,302.35,11.03,152.19
10/26/2010,24.19,618.6,301.57,11.17,153.06
10/27/2010,24.33,616.47,301.36,11.41,154.86
10/28/2010,24.54,618.58,298.82,11.4,157.85
10/29/2010,24.9,613.7,294.65,11.32,155.81
11/1/2010,25.17,615,297.78,11.37,156.24
11/2/2010,25.58,615.6,302.86,11.27,157.44
11/3/2010,25.24,620.18,306.22,11.39,157.26
11/4/2010,25.34,624.27,311.58,11.99,160.9
11/5/2010,25.07,625.08,310.46,12.22,165.42
11/8/2010,25.04,626.77,311.92,12.46,163.61
11/9/2010,25.17,624.82,309.43,12.13,161.05
11/10/2010,25.16,622.88,311.34,12.43,161.7
11/11/2010,24.91,617.19,309.99,12.23,162.17
11/12/2010,24.53,603.29,301.55,11.98,160.36
11/15/2010,24.47,595.47,300.58,11.96,161.7
11/16/2010,24.25,583.72,295.25,11.8,159.65
11/17/2010,24.02,583.55,294.18,11.49,159.45
11/18/2010,24.28,596.56,301.95,11.57,161.83
11/19/2010,24.14,590.83,300.28,11.53,161.17
11/22/2010,24.17,591.22,306.77,11.17,155.73
11/23/2010,23.6,583.01,302.24,10.96,152.57
11/24/2010,23.84,594.97,308.18,11.15,154.97
11/26/2010,23.72,590,308.38,10.99,153
11/29/2010,23.78,582.11,310.21,11.18,154.02
11/30/2010,23.73,555.71,304.61,10.83,151.32
12/1/2010,24.47,564.35,309.75,11.17,153.56
12/2/2010,25.26,571.82,311.46,11.56,157.48
12/3/2010,25.39,573,310.77,11.74,157.3
12/6/2010,25.22,578.36,313.42,11.52,157.63
12/7/2010,25.25,587.14,311.52,11.45,156.6
12/8/2010,25.58,590.54,314.26,11.87,161.01
12/9/2010,25.44,591.5,313.04,12.52,161.31
12/10/2010,25.69,592.21,313.82,12.67,163.27
12/13/2010,25.6,594.62,314.91,12.41,164.25
12/14/2010,25.95,594.91,313.56,12.27,162.16
12/15/2010,26.17,590.3,313.62,12.16,160.11
12/16/2010,26.3,591.71,314.5,12.39,159.38
12/17/2010,26.21,590.8,313.87,12.44,158.97
12/20/2010,26.13,595.06,315.44,12.49,160.92
12/21/2010,26.37,603.07,317.38,12.84,163.03
12/22/2010,26.49,605.49,318.32,13.24,164.36
12/23/2010,26.59,604.23,316.8,12.92,162.42
12/27/2010,26.37,602.38,317.85,13.13,164.59
12/28/2010,26.32,598.92,318.63,13.2,163.96
12/29/2010,26.28,601,318.45,13.17,162.45
12/30/2010,26.17,598.86,316.85,13.14,162.46
12/31/2010,26.22,593.97,315.78,13.2,162.97
1/3/2011,26.29,604.35,322.64,14.04,167.71
1/4/2011,26.39,602.12,324.32,14.09,167.73
1/5/2011,26.31,609.07,326.98,14.35,168.63
1/6/2011,27.08,613.5,326.71,14.29,166.89
1/7/2011,26.87,616.44,329.05,14.1,165.42
1/10/2011,26.51,614.21,335.25,14.25,164.52
1/11/2011,26.41,616.01,334.46,14.54,164.13
1/12/2011,26.82,616.87,337.18,14.83,166.37
1/13/2011,26.49,616.69,338.41,14.62,166.27
1/14/2011,26.59,624.18,341.15,15.09,169.6
1/18/2011,26.93,639.63,333.49,14.84,169.29
1/19/2011,26.75,631.75,331.72,14.22,161.35
1/20/2011,26.64,626.77,325.69,14.39,160.57
1/21/2011,26.33,611.83,319.85,14.1,161.07
1/24/2011,26.66,611.08,330.35,13.77,161.16
1/25/2011,26.73,619.91,334.22,13.49,156.98
1/26/2011,27.04,616.5,336.62,13.41,156.33
1/27/2011,27.12,616.79,335.99,13.53,158.96
1/28/2011,26.07,600.99,329.03,13.46,156.77
1/31/2011,26.05,600.36,332.19,13.59,158.57
2/1/2011,26.3,611.04,337.78,14.16,160.22
2/2/2011,26.25,612,337.08,14.09,159.95
2/3/2011,25.98,610.15,336.22,14.28,159.56
2/4/2011,26.09,610.98,339.21,14.14,159.74
2/7/2011,26.5,614.29,344.48,14.52,161.97
2/8/2011,26.57,618.38,347.73,14.46,163.34
2/9/2011,26.28,616.5,350.63,14.49,160.88
2/10/2011,25.84,616.44,347.09,14.34,160.23
2/11/2011,25.6,624.5,349.35,14.62,161.51
2/14/2011,25.58,628.15,351.63,14.73,162.35
2/15/2011,25.48,624.15,352.33,14.62,162.72
2/16/2011,25.54,624.22,355.5,14.68,163.6
2/17/2011,25.72,625.26,350.77,14.66,162
2/18/2011,25.57,630.08,343.19,14.6,162.85
2/22/2011,25.13,610.21,331.49,14.03,157.91
2/23/2011,25.13,611.32,335.42,14.02,158.05
2/24/2011,25.3,608.82,335.67,13.82,158.39
2/25/2011,25.09,610.04,340.84,14.05,160.02
2/28/2011,25.12,613.4,345.78,14.14,159.06
3/1/2011,24.72,600.76,341.97,13.78,156.66
3/2/2011,24.65,600.79,344.72,13.7,157.03
3/3/2011,24.76,609.56,352,14.13,159.75
3/4/2011,24.53,600.62,352.43,13.98,156.36
3/7/2011,24.31,591.66,347.89,13.89,154.56
3/8/2011,24.49,592.31,348.28,14.55,156.65
3/9/2011,24.47,591.77,345.06,14.45,157.67
3/10/2011,24.02,580.3,339.38,14.12,155.65
3/11/2011,24.27,576.71,344.59,14.24,156.05
3/14/2011,24.28,569.99,346.13,14.09,153.86
3/15/2011,24,569.56,338.17,13.82,152.72
3/16/2011,23.43,557.1,323.07,13.56,149.93
3/17/2011,23.42,561.36,327.6,13.84,151.26
3/18/2011,23.44,561.06,323.72,13.9,155.35
3/21/2011,23.94,576.5,332.17,13.91,155.59
3/22/2011,23.91,577.32,334.03,13.74,156.16
3/23/2011,24.14,582.16,332.06,13.52,154.93
3/24/2011,24.39,586.89,337.72,13.35,155.3
3/25/2011,24.21,579.74,344.15,13.21,153.42
3/28/2011,24.02,575.36,343.07,13.24,151.96
3/29/2011,24.09,581.73,343.58,13.22,153.9
3/30/2011,24.2,581.84,341.3,13.32,154.48
3/31/2011,24,586.76,341.18,13.2,154.03
4/1/2011,24.08,591.8,337.32,13.24,155.61
4/4/2011,24.15,587.68,334.02,13.31,154.32
4/5/2011,24.36,569.09,331.76,13.34,154.33
4/6/2011,24.71,574.18,330.93,13.59,157.22
4/7/2011,24.76,580,330.97,13.48,157.72
4/8/2011,24.64,578.16,328.02,13.35,156.32
4/11/2011,24.55,577.37,323.84,13.36,156.82
4/12/2011,24.23,570.61,325.41,13.34,155.8
4/13/2011,24.22,576.28,329.06,13.14,155.55
4/14/2011,24.02,578.51,325.43,13,151.3
4/15/2011,23.98,530.7,320.57,12.7,150.66
4/18/2011,23.7,526.84,324.87,12.3,149.35
4/19/2011,23.77,521.53,330.76,12.22,147.48
4/20/2011,24.35,525.73,335.21,12.15,148.3
4/21/2011,24.12,525.1,343.33,12.19,149.09
4/25/2011,24.2,525.05,345.59,12.32,147.8
4/26/2011,24.75,532.82,343.05,12.11,148.85
4/27/2011,24.93,537.76,342.79,12.21,148.45
4/28/2011,25.24,537.97,339.46,12.3,146.26
4/29/2011,24.5,544.1,342.77,12.16,146.66
5/2/2011,24.25,538.56,339,12.22,146.94
5/3/2011,24.39,533.89,340.88,12.48,147.49
5/4/2011,24.63,535.79,342.22,12.37,147.15
5/5/2011,24.37,534.27,339.46,12.18,146.07
5/6/2011,24.45,535.3,339.37,12.19,145.77
5/9/2011,24.41,537.68,340.29,12.06,144.82
5/10/2011,24.26,542.66,342.1,12.16,146.06
5/11/2011,23.97,535.45,339.93,12.13,143.62
5/12/2011,23.93,535.05,339.28,12.08,138.64
5/13/2011,23.66,529.55,333.34,11.81,137.38
5/16/2011,23.22,518.42,326.29,11.74,136.55
5/17/2011,23.33,530.46,329.07,11.78,136.75
5/18/2011,23.49,529.81,332.72,11.68,136.78
5/19/2011,23.52,531.25,333.37,11.58,135.32
5/20/2011,23.3,524.03,328.17,11.47,131.1
5/23/2011,22.99,518.39,327.37,11.31,131.92
5/24/2011,22.97,518.26,325.21,11.35,132.41
5/25/2011,23.01,519.67,329.7,11.27,132.31
5/26/2011,23.47,518.13,327.96,11.35,132.33
5/27/2011,23.55,520.9,330.32,11.58,135.01
5/31/2011,23.79,529.02,340.52,11.64,137.03
6/1/2011,23.24,525.6,338.25,11.14,132.59
6/2/2011,23.04,528.06,338.82,11.19,130.84
6/3/2011,22.75,523.08,336.22,11.18,131.77
6/6/2011,22.84,521.06,330.93,10.73,130.38
6/7/2011,22.89,519.03,325.06,10.56,129.49
6/8/2011,22.77,519.17,325.25,10.45,128.13
6/9/2011,22.79,516.73,324.52,10.56,130.02
6/10/2011,22.56,509.51,319.05,10.7,132.34
6/13/2011,22.87,504.73,319.73,10.87,133.91
6/14/2011,23.04,508.37,325.45,10.7,133.49
6/15/2011,22.58,502.95,319.88,10.41,131.3
6/16/2011,22.83,500.37,318.32,10.51,132.51
6/17/2011,23.08,485.02,313.53,10.58,133.62
6/20/2011,23.28,484.58,308.69,10.51,131.58
6/21/2011,23.55,493,318.46,10.73,132.38
6/22/2011,23.45,487.01,315.83,10.69,130.98
6/23/2011,23.43,480.22,324.27,10.61,128.88
6/24/2011,23.12,474.88,319.49,10.43,127.46
6/27/2011,23.97,482.8,325.06,10.75,127.27
6/28/2011,24.54,493.65,328.21,10.72,125.86
6/29/2011,24.37,497.57,327.02,11.04,129.04
6/30/2011,24.73,506.38,328.61,10.86,129.59
7/1/2011,24.75,521.03,336.04,10.99,133.05
7/5/2011,24.76,532.44,342.08,10.9,130.96
7/6/2011,25.05,535.36,344.36,10.64,130.37
7/7/2011,25.47,546.6,349.69,10.82,131.46
7/8/2011,25.61,531.99,352.15,10.6,130.55
7/11/2011,25.33,527.28,346.56,10.26,128.54
7/12/2011,25.25,534.01,346.31,10.12,126.88
7/13/2011,25.33,538.26,350.49,10.11,126.5
7/14/2011,25.18,528.94,350.25,9.98,126.47
7/15/2011,25.48,597.62,357.25,9.91,126.73
7/18/2011,25.3,594.94,365.94,9.63,125.93
7/19/2011,26.2,602.55,368.93,9.48,125.11
7/20/2011,25.74,595.35,378.77,9.76,129.26
7/21/2011,25.78,606.99,379.15,10.14,132.01
7/22/2011,26.19,618.23,385.03,10.04,131.92
7/25/2011,26.55,618.98,390.12,9.92,133.25
7/26/2011,26.71,622.52,394.93,9.91,133.98
7/27/2011,26,607.22,384.34,9.59,131.17
7/28/2011,26.37,610.94,383.58,9.7,132.26
7/29/2011,26.07,603.69,382.27,9.62,131.42
8/1/2011,25.94,606.77,388.41,9.72,130.62
8/2/2011,25.49,592.4,380.73,9.41,127.78
8/3/2011,25.61,601.17,384.32,9.46,128.6
8/4/2011,24.68,577.52,369.44,8.75,122.91
8/5/2011,24.43,579.04,365.76,8.1,121.88
8/8/2011,23.29,546.02,345.78,6.45,114.56
8/9/2011,24.33,573.41,366.15,7.53,119.5
8/10/2011,23.02,549.01,356.04,6.71,107.44
8/11/2011,23.96,562.13,365.84,7.19,114.99
8/12/2011,23.88,563.77,369.06,7.13,113.4
8/15/2011,24.27,557.23,375.35,7.69,115.99
8/16/2011,24.27,539,372.48,7.33,113.79
8/17/2011,24.17,533.15,372.44,7.39,114.16
8/18/2011,23.62,504.88,358.35,6.95,110.16
8/19/2011,23.02,490.92,348.54,6.91,108.82
8/22/2011,22.96,498.17,348.95,6.36,103.71
8/23/2011,23.66,518.82,365.74,6.24,104.05
8/24/2011,23.84,523.29,368.27,6.93,107.41
8/25/2011,23.52,520.04,365.86,7.58,106.95
8/26/2011,24.17,526.86,375.52,7.69,108.81
8/29/2011,24.74,539.08,381.77,8.32,113.01
8/30/2011,25.11,540.7,381.79,8.05,112.49
8/31/2011,25.46,540.96,376.74,8.11,113.5
9/1/2011,25.09,532.5,373.02,7.85,109.54
9/2/2011,24.7,524.84,366.19,7.19,104.56
9/6/2011,24.42,522.18,371.76,6.94,102.12
9/7/2011,24.89,534.03,375.86,7.42,105.81
9/8/2011,25.1,534.96,376.06,7.14,102.34
9/9/2011,24.64,524.85,369.54,6.93,99.86
9/12/2011,24.78,530.12,371.95,7,100.51
9/13/2011,24.93,529.52,376.53,6.95,101.66
9/14/2011,25.37,532.07,381.11,7,102.1
9/15/2011,25.84,542.56,384.7,7.27,105.45
9/16/2011,25.96,546.68,392.08,7.17,104.98
9/19/2011,26.05,546.67,402.98,6.94,102.36
9/20/2011,25.83,546.63,404.76,6.85,100.21
9/21/2011,24.88,539.2,403.47,6.33,95.57
9/22/2011,23.99,520.66,393.37,6.01,91.78
9/23/2011,23.99,525.51,395.8,6.26,92.95
9/26/2011,24.35,531.89,394.69,6.55,96.82
9/27/2011,24.57,539.34,390.87,6.43,97.22
9/28/2011,24.49,528.84,388.66,6.11,94.07
9/29/2011,24.36,527.5,382.36,6.3,97.54
9/30/2011,23.83,515.04,373.3,6.07,92.34
10/3/2011,23.48,495.52,366.72,5.49,87.97
10/4/2011,24.26,501.9,364.67,5.72,92.37
10/5/2011,24.78,504.7,370.3,5.73,92.09
10/6/2011,25.22,514.71,369.44,6.23,95.64
10/7/2011,25.13,515.12,362.02,5.85,90.52
10/10/2011,25.79,537.17,380.64,6.23,93.89
10/11/2011,25.85,543.18,391.87,6.32,94.44
10/12/2011,25.81,548.5,393.73,6.53,96.79
10/13/2011,26.02,558.99,399.84,6.17,93.9
10/14/2011,26.11,591.68,413.13,6.14,94.47
10/17/2011,25.83,582.41,411.16,5.98,94.63
10/18/2011,26.14,590.51,413.36,6.59,99.86
10/19/2011,25.97,580.7,390.24,6.35,98.43
10/20/2011,25.89,583.67,387,6.42,98.5
10/21/2011,26,590.49,384.61,6.41,99.7
10/24/2011,26.03,596.42,397.24,6.67,101.55
10/25/2011,25.67,583.16,389.41,6.41,98.09
10/26/2011,25.45,586.31,392.18,6.54,103.84
10/27/2011,26.09,598.67,396.18,7.16,113.68
10/28/2011,25.83,600.14,396.44,7.29,113.15
10/31/2011,25.49,592.64,396.27,6.78,106.99
11/1/2011,24.88,578.65,388.17,6.35,101.12
11/2/2011,24.9,584.82,389.05,6.67,103.65
11/3/2011,25.4,597.5,394.6,6.86,105.16
11/4/2011,25.13,596.14,391.82,6.44,102.58
11/7/2011,25.66,608.33,391.33,6.4,103.1
11/8/2011,26,612.34,397.69,6.48,106.04
11/9/2011,25.08,600.95,386.97,6.11,97.34
11/10/2011,25.16,595.08,377.12,5.98,97.17
11/11/2011,25.76,608.35,376.53,6.16,99.28
11/14/2011,25.62,613,371.29,6,96.97
11/15/2011,25.79,616.56,380.65,6.08,97.42
11/16/2011,25.14,611.47,376.68,5.85,93.36
11/17/2011,24.63,600.87,369.47,5.76,90.19
11/18/2011,24.4,594.88,367.06,5.74,89.76
11/21/2011,24.11,580.94,361.25,5.45,89.17
11/22/2011,23.91,580,368.59,5.33,87.31
11/23/2011,23.6,570.11,359.27,5.1,85.84
11/25/2011,23.44,563,355.93,5.13,86.68
11/28/2011,23.99,588.19,368.21,5.21,88.66
11/29/2011,23.96,582.93,365.35,5.04,87.07
11/30/2011,24.67,599.39,374.16,5.41,93.98
12/1/2011,24.38,613.77,379.77,5.5,92.58
12/2/2011,24.32,620.36,381.51,5.61,95.34
12/5/2011,24.79,625.65,384.75,5.76,97.86
12/6/2011,24.75,623.77,382.73,5.75,99.18
12/7/2011,24.69,623.39,380.91,5.86,103.07
12/8/2011,24.5,616.05,382.45,5.56,97.96
12/9/2011,24.79,627.42,385.34,5.69,99.46
12/12/2011,24.6,625.39,383.6,5.42,96.11
12/13/2011,24.85,625.63,380.64,5.29,93.18
12/14/2011,24.68,618.07,372.2,5.2,91.42
12/15/2011,24.65,619.54,370.97,5.23,90.1
12/16/2011,25.08,625.96,373.01,5.17,88.33
12/19/2011,24.62,621.83,374.17,4.96,85.98
12/20/2011,25.11,630.37,387.62,5.14,89.2
12/21/2011,24.85,625.82,388.11,5.2,90.2
12/22/2011,24.89,629.7,390.17,5.44,92.57
12/23/2011,25.11,633.14,394.85,5.57,91.95
12/27/2011,25.12,640.25,397.98,5.45,90.1
12/28/2011,24.9,639.7,394.17,5.26,88.35
12/29/2011,25.1,642.4,396.6,5.43,89.23
12/30/2011,25.04,645.9,396.48,5.53,88.66
1/3/2012,25.82,665.41,402.58,5.77,93.49
1/4/2012,26.43,668.28,404.75,5.78,92.88
1/5/2012,26.7,659.01,409.24,6.27,92.73
1/6/2012,27.11,650.02,413.52,6.14,91.59
1/9/2012,26.76,622.46,412.86,6.23,92.83
1/10/2012,26.85,623.14,414.34,6.59,96.4
1/11/2012,26.74,625.96,413.67,6.83,97.8
1/12/2012,27.01,629.64,412.53,6.75,99.23
1/13/2012,27.25,624.99,410.98,6.57,97.02
1/17/2012,27.26,628.58,415.77,6.44,95.77
1/18/2012,27.23,632.91,420.09,6.76,102.27
1/19/2012,27.12,639.57,418.76,6.92,105.57
1/20/2012,28.66,585.99,411.46,7.03,106.61
1/23/2012,28.67,585.52,418.42,7.21,106.07
1/24/2012,28.3,580.93,411.57,7.25,106.74
1/25/2012,28.51,569.49,437.27,7.31,106.15
1/26/2012,28.45,568.1,435.28,7.26,106.43
1/27/2012,28.19,579.98,437.88,7.25,109.58
1/30/2012,28.56,577.69,443.49,7.03,107.58
1/31/2012,28.48,580.11,446.88,7.09,109.29
2/1/2012,28.83,580.83,446.6,7.32,111.23
2/2/2012,28.89,585.11,445.55,7.41,111.17
2/3/2012,29.17,596.33,450.02,7.8,115.23
2/6/2012,29.13,609.09,454.21,7.92,115.09
2/7/2012,29.27,606.77,458.97,7.81,113.71
2/8/2012,29.57,609.85,466.66,8.08,113.87
2/9/2012,29.68,611.46,482.8,8.13,113.61
2/10/2012,29.42,605.91,483.05,8.02,111.88
2/13/2012,29.49,612.2,492.03,8.2,112.29
2/14/2012,29.37,609.76,498.75,7.93,110.66
2/15/2012,29.17,605.56,487.21,7.74,110.95
2/16/2012,30.38,606.52,491.65,8.04,112.49
2/17/2012,30.34,604.64,491.56,7.97,113.64
2/21/2012,30.52,614,504.03,8.06,114.34
2/22/2012,30.36,607.94,502.25,7.9,112.12
2/23/2012,30.46,606.11,505.53,7.97,113.53
2/24/2012,30.56,609.9,511.43,7.83,113.6
2/27/2012,30.44,609.31,514.71,7.99,113.95
2/28/2012,30.94,618.39,524.15,8.07,115.16
2/29/2012,30.82,618.25,531.03,7.93,113.22
3/1/2012,31.35,622.4,533.02,8.08,119.11
3/2/2012,31.15,621.25,533.72,8.09,117.96
3/5/2012,30.87,614.25,521.95,7.93,116.66
3/6/2012,30.64,604.96,519.11,7.68,111.78
3/7/2012,30.91,606.8,519.53,7.98,114.46
3/8/2012,31.08,607.14,530.59,8.02,115.22
3/9/2012,31.06,600.25,533.71,8.01,115.34
3/12/2012,31.11,605.15,540.39,7.95,115.04
3/13/2012,31.72,617.78,556.16,8.45,122.47
3/14/2012,31.82,615.99,577.18,8.8,118.37
3/15/2012,31.89,621.13,573.25,9.2,121.01
3/16/2012,31.65,625.04,573.26,9.76,120.88
3/19/2012,31.26,633.98,588.46,9.49,122.23
3/20/2012,31.06,633.49,593.22,9.77,123.92
3/21/2012,30.98,639.98,589.83,9.78,123.89
3/22/2012,31.07,646.05,586.74,9.56,122.66
3/23/2012,31.08,642.59,583.52,9.81,124.08
3/26/2012,31.64,649.33,594.22,9.89,125.94
3/27/2012,31.57,647.02,601.56,9.56,124.23
3/28/2012,31.25,655.76,604.63,9.71,124.26
3/29/2012,31.18,648.41,597.04,9.49,121.7
3/30/2012,31.32,641.24,586.94,9.53,122.3
4/2/2012,31.35,646.92,605.62,9.64,122.82
4/3/2012,31.01,642.62,616.09,9.45,120.67
4/4/2012,30.3,635.15,611.18,9.16,117.96
4/5/2012,30.6,632.32,620.36,9.19,116.04
4/9/2012,30.19,630.84,622.85,8.89,115.07
4/10/2012,29.58,626.86,615.23,8.5,112.65
4/11/2012,29.47,635.96,613.03,8.82,114
4/12/2012,30.08,651.01,609.68,9.13,118.39
4/13/2012,29.91,624.6,592.5,8.64,113.18
4/16/2012,30.17,606.07,567.93,8.75,115.77
4/17/2012,30.52,609.57,596.88,8.88,114.92
4/18/2012,30.23,607.45,595.55,8.88,113.41
4/19/2012,30.11,599.3,575.09,8.73,111.71
4/20/2012,31.48,596.06,560.93,8.32,110.57
4/23/2012,31.18,597.6,559.68,8.14,109.89
4/24/2012,30.99,601.27,548.5,8.17,112.21
4/25/2012,31.26,609.72,597.17,8.22,112.08
4/26/2012,31.17,615.47,594.92,8.23,112.65
4/27/2012,31.05,614.98,590.32,8.21,112.51
4/30/2012,31.09,604.85,571.7,8.07,113.23
5/1/2012,31.08,604.43,569.89,8.27,113.41
5/2/2012,30.87,607.26,573.66,8.12,111.88
5/3/2012,30.83,611.02,569.59,7.96,109.67
5/4/2012,30.08,596.97,553.37,7.71,107.18
5/7/2012,29.76,607.55,557.51,7.92,108.21
5/8/2012,29.61,612.79,556.23,7.75,107.55
5/9/2012,29.86,609.15,557.21,7.7,105.5
5/10/2012,29.84,613.66,558.52,7.67,104.55
5/11/2012,30.25,605.23,554.79,7.52,100.43
5/14/2012,29.79,604,546.48,7.32,98.11
5/15/2012,29.52,611.11,541.54,7.27,98.21
5/16/2012,29.22,628.93,534.6,7.08,96.57
5/17/2012,29.04,623.05,518.97,6.95,95.46
5/18/2012,28.6,600.4,519.23,6.99,93.9
5/21/2012,29.07,614.11,549.48,6.8,94.9
5/22/2012,29.08,600.8,545.26,6.95,95.91
5/23/2012,28.45,609.46,558.56,7.14,96.41
5/24/2012,28.41,603.66,553.43,7.11,95.25
5/25/2012,28.4,591.53,550.47,7.12,95.09
5/29/2012,28.89,594.34,560.24,7.41,96.69
5/30/2012,28.67,588.23,566.99,7.18,93.48
5/31/2012,28.53,580.86,565.58,7.33,94.56
6/1/2012,27.8,570.98,549.19,7,91.53
6/4/2012,27.9,578.59,552.43,6.88,89.91
6/5/2012,27.86,570.41,551,7.08,91.11
6/6/2012,28.68,580.57,559.44,7.62,93.83
6/7/2012,28.56,578.23,559.7,7.4,92.88
6/8/2012,28.97,580.45,568.12,7.54,93.41
6/11/2012,28.24,568.5,559.16,7.26,91.69
6/12/2012,28.62,565.1,564.05,7.47,92.92
6/13/2012,28.47,561.09,560.13,7.48,91.61
6/14/2012,28.67,559.05,559.51,7.64,92.7
6/15/2012,29.34,564.51,562.06,7.88,94.52
6/18/2012,29.16,570.85,573.46,7.74,92.51
6/19/2012,30,581.53,575.06,8.08,95.22
6/20/2012,30.23,577.51,573.42,8.11,95.4
6/21/2012,29.45,565.21,565.52,7.8,92.78
6/22/2012,30,571.48,569.86,7.91,92.51
6/25/2012,29.19,560.7,558.77,7.58,90.13
6/26/2012,29.34,564.68,560,7.6,89.94
6/27/2012,29.48,569.3,562.42,7.75,92.16
6/28/2012,29.23,564.31,557.09,7.72,92.37
6/29/2012,29.89,580.07,571.72,8.15,94.72
7/2/2012,29.86,580.47,580.06,8.02,95.97
7/3/2012,30.06,587.83,586.81,8.03,97.42
7/5/2012,30,595.92,597.12,7.8,94.77
7/6/2012,29.5,585.98,593.14,7.64,94.33
7/9/2012,29.32,586.01,600.98,7.54,93.34
7/10/2012,29.06,581.7,595.42,7.46,93.12
7/11/2012,28.63,571.19,591.72,7.61,93.99
7/12/2012,27.98,570.48,586.31,7.46,92.9
7/13/2012,28.72,576.52,592.25,7.8,96.27
7/16/2012,28.77,574.92,594.15,7.79,96.51
7/17/2012,28.98,576.73,594.18,7.9,96.81
7/18/2012,29.76,580.76,593.51,7.51,95.36
7/19/2012,29.97,593.06,601.4,7.24,93.87
7/20/2012,29.43,610.82,591.59,7.05,93.04
7/23/2012,28.61,615.51,591.13,7.07,92.05
7/24/2012,28.49,607.57,588.29,7.02,93.34
7/25/2012,28.17,607.99,562.88,7.05,94.81
7/26/2012,28.5,613.36,562.79,7.15,96.89
7/27/2012,29.08,634.96,572.86,7.29,100.43
7/30/2012,28.97,632.3,582.52,7.26,99.68
7/31/2012,28.8,632.97,597.92,7.32,99.7
8/1/2012,28.74,632.68,594.05,7.2,98.9
8/2/2012,28.53,628.75,595.01,7.16,96.64
8/3/2012,29.07,641.33,602.75,7.41,99.77
8/6/2012,29.27,642.82,609.46,7.62,100.8
8/7/2012,29.57,640.54,607.86,7.65,102.01
8/8/2012,29.64,642.23,606.83,7.65,101.28
8/9/2012,29.81,642.35,610.29,7.7,102.36
8/10/2012,29.73,642,611.24,7.72,101.79
8/13/2012,29.7,660.01,619.4,7.7,102.37
8/14/2012,29.64,668.66,621.06,7.76,102.03
8/15/2012,29.71,667.54,620.22,7.85,101.9
8/16/2012,30.28,672.87,625.64,7.9,102.25
8/17/2012,30.4,677.14,637.21,7.97,102.36
8/20/2012,30.24,675.54,653.96,8.12,104.02
8/21/2012,30.3,669.51,645.02,8.16,104.06
8/22/2012,30.04,677.18,657.62,8.19,103.42
8/23/2012,29.77,676.8,651.48,8.12,102.84
8/24/2012,30.06,678.63,652.06,8.13,103.71
8/27/2012,30.19,669.22,664.31,8.04,103.87
8/28/2012,30.13,677.25,663.45,7.93,104.23
8/29/2012,30.15,688.01,662.14,7.97,104.73
8/30/2012,29.83,681.68,652.7,7.89,103.92
8/31/2012,30.32,685.09,654.05,7.96,104.92
9/4/2012,29.89,681.04,663.62,7.97,105.6
9/5/2012,29.89,680.72,658.96,7.93,109.11
9/6/2012,30.84,699.4,664.89,8.33,112.68
9/7/2012,30.45,706.15,668.99,8.78,115.45
9/10/2012,30.22,700.77,651.59,8.56,113.81
9/11/2012,30.29,692.19,649.48,9.01,115.8
9/12/2012,30.28,690.88,658.52,8.95,117.34
9/13/2012,30.44,706.04,671.49,9.38,119.75
9/14/2012,30.7,709.68,679.65,9.53,120.44
9/17/2012,30.7,709.98,688.01,9.28,118.99
9/18/2012,30.67,718.28,690.1,9.21,118.97
9/19/2012,30.54,727.5,690.29,9.27,118.12
9/20/2012,30.94,728.12,686.95,9.17,116.74
9/21/2012,30.68,733.99,688.31,9.09,115.83
9/24/2012,30.28,749.38,679.17,9.08,115.71
9/25/2012,29.89,749.16,662.21,8.91,112.64
9/26/2012,29.68,753.46,653.99,8.8,112.22
9/27/2012,29.67,756.5,669.86,8.95,114.35
9/28/2012,29.28,754.5,655.88,8.81,112.82
10/1/2012,29.01,761.78,648.3,8.94,115.97
10/2/2012,29.18,756.99,650.19,8.91,116.36
10/3/2012,29.37,762.5,660.15,9.09,117.01
10/4/2012,29.54,768.05,655.58,9.39,118.99
10/5/2012,29.36,767.65,641.61,9.3,118.4
10/8/2012,29.29,757.84,627.43,9.26,118.55
10/9/2012,28.8,744.09,625.15,9.19,118.72
10/10/2012,28.51,744.56,630.13,9.19,119.17
10/11/2012,28.48,751.48,617.53,9.32,121.06
10/12/2012,28.72,744.75,619.12,9.1,119.29
10/15/2012,29.03,740.98,624.08,9.42,123.55
10/16/2012,29.01,744.7,638.86,9.44,122.28
10/17/2012,29.11,755.49,633.77,9.42,123.97
10/18/2012,29.02,695,622,9.45,124.2
10/19/2012,28.17,681.79,599.58,9.42,122.68
10/22/2012,27.54,678.67,623.36,9.53,121.84
10/23/2012,27.59,680.35,603.04,9.34,118.1
10/24/2012,27.45,677.3,606.45,9.29,118.86
10/25/2012,27.43,677.76,599.29,9.22,118.81
10/26/2012,27.75,675.15,593.84,9.1,118.53
10/31/2012,28.07,680.3,585.31,9.3,121.46
11/1/2012,29.04,687.59,586.5,9.72,123.9
11/2/2012,29.02,687.92,567.1,9.83,122.31
11/5/2012,29.15,682.96,574.79,9.73,123.14
11/6/2012,29.37,681.72,573.05,9.92,125.29
11/7/2012,28.61,667.12,551.12,9.21,117.08
11/8/2012,28.34,652.29,531.12,9.37,114.39
11/9/2012,28.36,663.03,540.31,9.41,115.27
11/12/2012,27.76,665.9,536.14,9.37,116.35
11/13/2012,26.87,659.05,536.21,9.31,115.59
11/14/2012,26.62,652.55,530.26,8.97,113.37
11/15/2012,26.44,647.26,519.14,9.07,114.56
11/16/2012,26.3,647.18,521.17,9.1,114.96
11/19/2012,26.51,668.21,558.75,9.47,117.4
11/20/2012,26.49,669.97,553.99,9.61,117.19
11/21/2012,26.73,665.87,554.77,9.75,116.81
11/23/2012,27.47,667.97,564.45,9.88,119.4
11/26/2012,27.17,661.15,582.26,9.82,120.02
11/27/2012,26.86,670.71,577.57,9.64,117.51
11/28/2012,27.14,683.67,575.75,9.74,118.93
11/29/2012,26.73,691.89,582.09,9.81,118.33
11/30/2012,26.4,698.37,578.06,9.84,117.39
12/3/2012,26.21,695.25,578.96,9.78,118
12/4/2012,26.15,691.03,568.75,9.89,116.19
12/5/2012,26.45,687.82,532.15,10.45,116.73
12/6/2012,26.51,691.13,540.49,10.45,116.8
12/7/2012,26.24,684.21,526.67,10.63,116.18
12/10/2012,26.72,685.42,523.29,10.56,116.61
12/11/2012,27.1,696.88,534.71,10.5,118.46
12/12/2012,27.02,697.56,532.35,10.6,117.69
12/13/2012,26.89,702.7,523.16,10.53,118.1
12/14/2012,26.59,701.96,503.5,10.57,118.96
12/17/2012,26.88,720.78,512.43,10.99,123.07
12/18/2012,27.33,721.07,527.32,11.35,127.34
12/19/2012,27.09,720.11,519.82,11.18,126.82
12/20/2012,27.45,722.36,515.3,11.51,129.28
12/21/2012,27.22,715.63,512.93,11.28,128.01
12/24/2012,26.84,709.5,513.76,11.24,127.11
12/26/2012,26.64,708.87,506.67,11.53,126.73
12/27/2012,26.74,706.29,508.71,11.46,126.24
12/28/2012,26.33,700.01,503.31,11.35,125.09
12/31/2012,26.49,707.38,525.61,11.6,127.13
